prediction_id,model_id,model_version,probe_id,measurement_id,country_code,asn_v4,asn_v6,latitude,longitude,prediction_generated_at,prediction_for,predicted_avg_rtt_ms,predicted_packet_loss_pct,model_confidence
mock-model-a-900001-00,model-a,1.0,900001,100001,BR,28573,,-23.5505,-46.6333,2026-08-18T12:00:00Z,2026-08-20T00:00:00Z,62.6,3.2,0.82
mock-model-b-900001-00,model-b,1.0,900001,100001,BR,28573,,-23.5505,-46.6333,2026-08-18T12:00:00Z,2026-08-20T00:00:00Z,74.1,4.4,0.82
mock-model-c-900001-00,model-c,1.0,900001,100001,BR,28573,,-23.5505,-46.6333,2026-08-18T12:00:00Z,2026-08-20T00:00:00Z,49.1,2.1,0.82
mock-model-d-900001-00,model-d,1.0,900001,100001,BR,28573,,-23.5505,-46.6333,2026-08-18T12:00:00Z,2026-08-20T00:00:00Z,79.1,5.2,0.82
mock-model-a-900001-01,model-a,1.0,900001,100001,BR,28573,,-23.5505,-46.6333,2026-08-18T12:00:00Z,2026-08-20T01:00:00Z,56.8,2.6,0.84
mock-model-b-900001-01,model-b,1.0,900001,100001,BR,28573,,-23.5505,-46.6333,2026-08-18T12:00:00Z,2026-08-20T01:00:00Z,67.8,3.7,0.84
mock-model-c-900001-01,model-c,1.0,900001,100001,BR,28573,,-23.5505,-46.6333,2026-08-18T12:00:00Z,2026-08-20T01:00:00Z,44.0,1.7,0.84
mock-model-d-900001-01,model-d,1.0,900001,100001,BR,28573,,-23.5505,-46.6333,2026-08-18T12:00:00Z,2026-08-20T01:00:00Z,73.1,4.5,0.84
mock-model-a-900001-02,model-a,1.0,900001,100001,BR,28573,,-23.5505,-46.6333,2026-08-18T12:00:00Z,2026-08-20T02:00:00Z,22.8,0.1,0.86
mock-model-b-900001-02,model-b,1.0,900001,100001,BR,28573,,-23.5505,-46.6333,2026-08-18T12:00:00Z,2026-08-20T02:00:00Z,31.1,0.6,0.86
mock-model-c-900001-02,model-c,1.0,900001,100001,BR,28573,,-23.5505,-46.6333,2026-08-18T12:00:00Z,2026-08-20T02:00:00Z,14.1,0.0,0.86
mock-model-d-900001-02,model-d,1.0,900001,100001,BR,28573,,-23.5505,-46.6333,2026-08-18T12:00:00Z,2026-08-20T02:00:00Z,37.7,1.0,0.86
mock-model-a-900001-03,model-a,1.0,900001,100001,BR,28573,,-23.5505,-46.6333,2026-08-18T12:00:00Z,2026-08-20T03:00:00Z,23.2,0.1,
mock-model-b-900001-03,model-b,1.0,900001,100001,BR,28573,,-23.5505,-46.6333,2026-08-18T12:00:00Z,2026-08-20T03:00:00Z,31.6,0.6,
mock-model-c-900001-03,model-c,1.0,900001,100001,BR,28573,,-23.5505,-46.6333,2026-08-18T12:00:00Z,2026-08-20T03:00:00Z,14.4,0.0,
mock-model-d-900001-03,model-d,1.0,900001,100001,BR,28573,,-23.5505,-46.6333,2026-08-18T12:00:00Z,2026-08-20T03:00:00Z,38.1,1.0,
mock-model-a-900001-04,model-a,1.0,900001,100001,BR,28573,,-23.5505,-46.6333,2026-08-18T12:00:00Z,2026-08-20T04:00:00Z,23.6,0.1,0.9
mock-model-b-900001-04,model-b,1.0,900001,100001,BR,28573,,-23.5505,-46.6333,2026-08-18T12:00:00Z,2026-08-20T04:00:00Z,32.0,0.6,0.9
mock-model-c-900001-04,model-c,1.0,900001,100001,BR,28573,,-23.5505,-46.6333,2026-08-18T12:00:00Z,2026-08-20T04:00:00Z,14.8,0.0,0.9
mock-model-d-900001-04,model-d,1.0,900001,100001,BR,28573,,-23.5505,-46.6333,2026-08-18T12:00:00Z,2026-08-20T04:00:00Z,38.5,1.0,0.9
mock-model-a-900001-05,model-a,1.0,900001,100001,BR,28573,,-23.5505,-46.6333,2026-08-18T12:00:00Z,2026-08-20T05:00:00Z,31.7,0.8,0.92
mock-model-b-900001-05,model-b,1.0,900001,100001,BR,28573,,-23.5505,-46.6333,2026-08-18T12:00:00Z,2026-08-20T05:00:00Z,40.7,1.4,0.92
mock-model-c-900001-05,model-c,1.0,900001,100001,BR,28573,,-23.5505,-46.6333,2026-08-18T12:00:00Z,2026-08-20T05:00:00Z,21.9,0.3,0.92
mock-model-d-900001-05,model-d,1.0,900001,100001,BR,28573,,-23.5505,-46.6333,2026-08-18T12:00:00Z,2026-08-20T05:00:00Z,47.0,1.9,0.92
mock-model-a-900001-06,model-a,1.0,900001,100001,BR,28573,,-23.5505,-46.6333,2026-08-18T12:00:00Z,2026-08-20T06:00:00Z,30.2,0.6,0.93
mock-model-b-900001-06,model-b,1.0,900001,100001,BR,28573,,-23.5505,-46.6333,2026-08-18T12:00:00Z,2026-08-20T06:00:00Z,39.2,1.2,0.93
mock-model-c-900001-06,model-c,1.0,900001,100001,BR,28573,,-23.5505,-46.6333,2026-08-18T12:00:00Z,2026-08-20T06:00:00Z,20.6,0.2,0.93
mock-model-d-900001-06,model-d,1.0,900001,100001,BR,28573,,-23.5505,-46.6333,2026-08-18T12:00:00Z,2026-08-20T06:00:00Z,45.4,1.7,0.93
mock-model-a-900001-07,model-a,1.0,900001,100001,BR,28573,,-23.5505,-46.6333,2026-08-18T12:00:00Z,2026-08-20T07:00:00Z,30.6,0.2,0.93
mock-model-b-900001-07,model-b,1.0,900001,100001,BR,28573,,-23.5505,-46.6333,2026-08-18T12:00:00Z,2026-08-20T07:00:00Z,39.5,0.7,0.93
mock-model-c-900001-07,model-c,1.0,900001,100001,BR,28573,,-23.5505,-46.6333,2026-08-18T12:00:00Z,2026-08-20T07:00:00Z,20.9,0.0,0.93
mock-model-d-900001-07,model-d,1.0,900001,100001,BR,28573,,-23.5505,-46.6333,2026-08-18T12:00:00Z,2026-08-20T07:00:00Z,45.8,1.2,0.93
mock-model-a-900001-08,model-a,1.0,900001,100001,BR,28573,,-23.5505,-46.6333,2026-08-18T12:00:00Z,2026-08-20T08:00:00Z,32.8,0.3,0.93
mock-model-b-900001-08,model-b,1.0,900001,100001,BR,28573,,-23.5505,-46.6333,2026-08-18T12:00:00Z,2026-08-20T08:00:00Z,42.0,0.9,0.93
mock-model-c-900001-08,model-c,1.0,900001,100001,BR,28573,,-23.5505,-46.6333,2026-08-18T12:00:00Z,2026-08-20T08:00:00Z,22.9,0.0,0.93
mock-model-d-900001-08,model-d,1.0,900001,100001,BR,28573,,-23.5505,-46.6333,2026-08-18T12:00:00Z,2026-08-20T08:00:00Z,48.2,1.3,0.93
mock-model-a-900001-09,model-a,1.0,900001,100001,BR,28573,,-23.5505,-46.6333,2026-08-18T12:00:00Z,2026-08-20T09:00:00Z,36.9,0.6,0.92
mock-model-b-900001-09,model-b,1.0,900001,100001,BR,28573,,-23.5505,-46.6333,2026-08-18T12:00:00Z,2026-08-20T09:00:00Z,46.3,1.2,0.92
mock-model-c-900001-09,model-c,1.0,900001,100001,BR,28573,,-23.5505,-46.6333,2026-08-18T12:00:00Z,2026-08-20T09:00:00Z,26.5,0.2,0.92
mock-model-d-900001-09,model-d,1.0,900001,100001,BR,28573,,-23.5505,-46.6333,2026-08-18T12:00:00Z,2026-08-20T09:00:00Z,52.4,1.7,0.92
mock-model-a-900001-10,model-a,1.0,900001,100001,BR,28573,,-23.5505,-46.6333,2026-08-18T12:00:00Z,2026-08-20T10:00:00Z,36.1,1.1,0.9
mock-model-b-900001-10,model-b,1.0,900001,100001,BR,28573,,-23.5505,-46.6333,2026-08-18T12:00:00Z,2026-08-20T10:00:00Z,45.4,1.8,0.9
mock-model-c-900001-10,model-c,1.0,900001,100001,BR,28573,,-23.5505,-46.6333,2026-08-18T12:00:00Z,2026-08-20T10:00:00Z,25.7,0.5,0.9
mock-model-d-900001-10,model-d,1.0,900001,100001,BR,28573,,-23.5505,-46.6333,2026-08-18T12:00:00Z,2026-08-20T10:00:00Z,51.5,2.3,0.9
mock-model-a-900001-11,model-a,1.0,900001,100001,BR,28573,,-23.5505,-46.6333,2026-08-18T12:00:00Z,2026-08-20T11:00:00Z,43.0,1.6,0.89
mock-model-b-900001-11,model-b,1.0,900001,100001,BR,28573,,-23.5505,-46.6333,2026-08-18T12:00:00Z,2026-08-20T11:00:00Z,53.0,2.4,0.89
mock-model-c-900001-11,model-c,1.0,900001,100001,BR,28573,,-23.5505,-46.6333,2026-08-18T12:00:00Z,2026-08-20T11:00:00Z,31.9,0.9,0.89
mock-model-d-900001-11,model-d,1.0,900001,100001,BR,28573,,-23.5505,-46.6333,2026-08-18T12:00:00Z,2026-08-20T11:00:00Z,58.8,3.1,0.89
mock-model-a-900001-12,model-a,1.0,900001,100001,BR,28573,,-23.5505,-46.6333,2026-08-18T12:00:00Z,2026-08-20T12:00:00Z,51.0,2.2,0.86
mock-model-b-900001-12,model-b,1.0,900001,100001,BR,28573,,-23.5505,-46.6333,2026-08-18T12:00:00Z,2026-08-20T12:00:00Z,61.6,3.2,0.86
mock-model-c-900001-12,model-c,1.0,900001,100001,BR,28573,,-23.5505,-46.6333,2026-08-18T12:00:00Z,2026-08-20T12:00:00Z,38.9,1.4,0.86
mock-model-d-900001-12,model-d,1.0,900001,100001,BR,28573,,-23.5505,-46.6333,2026-08-18T12:00:00Z,2026-08-20T12:00:00Z,67.0,3.9,0.86
mock-model-a-900001-13,model-a,1.0,900001,100001,BR,28573,,-23.5505,-46.6333,2026-08-18T12:00:00Z,2026-08-20T13:00:00Z,59.4,2.9,0.84
mock-model-b-900001-13,model-b,1.0,900001,100001,BR,28573,,-23.5505,-46.6333,2026-08-18T12:00:00Z,2026-08-20T13:00:00Z,70.7,4.0,0.84
mock-model-c-900001-13,model-c,1.0,900001,100001,BR,28573,,-23.5505,-46.6333,2026-08-18T12:00:00Z,2026-08-20T13:00:00Z,46.3,1.8,0.84
mock-model-d-900001-13,model-d,1.0,900001,100001,BR,28573,,-23.5505,-46.6333,2026-08-18T12:00:00Z,2026-08-20T13:00:00Z,75.8,4.8,0.84
mock-model-a-900001-14,model-a,1.0,900001,100001,BR,28573,,-23.5505,-46.6333,2026-08-18T12:00:00Z,2026-08-20T14:00:00Z,67.8,3.2,0.82
mock-model-b-900001-14,model-b,1.0,900001,100001,BR,28573,,-23.5505,-46.6333,2026-08-18T12:00:00Z,2026-08-20T14:00:00Z,79.7,4.4,0.82
mock-model-c-900001-14,model-c,1.0,900001,100001,BR,28573,,-23.5505,-46.6333,2026-08-18T12:00:00Z,2026-08-20T14:00:00Z,53.7,2.1,0.82
mock-model-d-900001-14,model-d,1.0,900001,100001,BR,28573,,-23.5505,-46.6333,2026-08-18T12:00:00Z,2026-08-20T14:00:00Z,84.5,5.2,0.82
mock-model-a-900001-15,model-a,1.0,900001,100001,BR,28573,,-23.5505,-46.6333,2026-08-18T12:00:00Z,2026-08-20T15:00:00Z,69.2,3.8,
mock-model-b-900001-15,model-b,1.0,900001,100001,BR,28573,,-23.5505,-46.6333,2026-08-18T12:00:00Z,2026-08-20T15:00:00Z,81.3,5.1,
mock-model-c-900001-15,model-c,1.0,900001,100001,BR,28573,,-23.5505,-46.6333,2026-08-18T12:00:00Z,2026-08-20T15:00:00Z,54.9,2.5,
mock-model-d-900001-15,model-d,1.0,900001,100001,BR,28573,,-23.5505,-46.6333,2026-08-18T12:00:00Z,2026-08-20T15:00:00Z,86.0,6.1,
mock-model-a-900001-16,model-a,1.0,900001,100001,BR,28573,,-23.5505,-46.6333,2026-08-18T12:00:00Z,2026-08-20T16:00:00Z,76.2,4.4,0.78
mock-model-b-900001-16,model-b,1.0,900001,100001,BR,28573,,-23.5505,-46.6333,2026-08-18T12:00:00Z,2026-08-20T16:00:00Z,88.8,5.8,0.78
mock-model-c-900001-16,model-c,1.0,900001,100001,BR,28573,,-23.5505,-46.6333,2026-08-18T12:00:00Z,2026-08-20T16:00:00Z,61.1,2.9,0.78
mock-model-d-900001-16,model-d,1.0,900001,100001,BR,28573,,-23.5505,-46.6333,2026-08-18T12:00:00Z,2026-08-20T16:00:00Z,93.3,6.8,0.78
mock-model-a-900001-17,model-a,1.0,900001,100001,BR,28573,,-23.5505,-46.6333,2026-08-18T12:00:00Z,2026-08-20T17:00:00Z,81.9,4.8,0.76
mock-model-b-900001-17,model-b,1.0,900001,100001,BR,28573,,-23.5505,-46.6333,2026-08-18T12:00:00Z,2026-08-20T17:00:00Z,95.0,6.3,0.76
mock-model-c-900001-17,model-c,1.0,900001,100001,BR,28573,,-23.5505,-46.6333,2026-08-18T12:00:00Z,2026-08-20T17:00:00Z,66.1,3.2,0.76
mock-model-d-900001-17,model-d,1.0,900001,100001,BR,28573,,-23.5505,-46.6333,2026-08-18T12:00:00Z,2026-08-20T17:00:00Z,99.2,7.4,0.76
mock-model-a-900001-18,model-a,1.0,900001,100001,BR,28573,,-23.5505,-46.6333,2026-08-18T12:00:00Z,2026-08-20T18:00:00Z,86.0,5.1,0.75
mock-model-b-900001-18,model-b,1.0,900001,100001,BR,28573,,-23.5505,-46.6333,2026-08-18T12:00:00Z,2026-08-20T18:00:00Z,99.3,6.6,0.75
mock-model-c-900001-18,model-c,1.0,900001,100001,BR,28573,,-23.5505,-46.6333,2026-08-18T12:00:00Z,2026-08-20T18:00:00Z,69.6,3.4,0.75
mock-model-d-900001-18,model-d,1.0,900001,100001,BR,28573,,-23.5505,-46.6333,2026-08-18T12:00:00Z,2026-08-20T18:00:00Z,103.4,7.8,0.75
mock-model-a-900001-19,model-a,1.0,900001,100001,BR,28573,,-23.5505,-46.6333,2026-08-18T12:00:00Z,2026-08-20T19:00:00Z,88.2,5.2,0.75
mock-model-b-900001-19,model-b,1.0,900001,100001,BR,28573,,-23.5505,-46.6333,2026-08-18T12:00:00Z,2026-08-20T19:00:00Z,101.8,6.8,0.75
mock-model-c-900001-19,model-c,1.0,900001,100001,BR,28573,,-23.5505,-46.6333,2026-08-18T12:00:00Z,2026-08-20T19:00:00Z,71.6,3.5,0.75
mock-model-d-900001-19,model-d,1.0,900001,100001,BR,28573,,-23.5505,-46.6333,2026-08-18T12:00:00Z,2026-08-20T19:00:00Z,105.7,8.0,0.75
mock-model-a-900001-20,model-a,1.0,900001,100001,BR,28573,,-23.5505,-46.6333,2026-08-18T12:00:00Z,2026-08-20T20:00:00Z,82.1,5.2,0.75
mock-model-b-900001-20,model-b,1.0,900001,100001,BR,28573,,-23.5505,-46.6333,2026-08-18T12:00:00Z,2026-08-20T20:00:00Z,95.1,6.8,0.75
mock-model-c-900001-20,model-c,1.0,900001,100001,BR,28573,,-23.5505,-46.6333,2026-08-18T12:00:00Z,2026-08-20T20:00:00Z,66.2,3.5,0.75
mock-model-d-900001-20,model-d,1.0,900001,100001,BR,28573,,-23.5505,-46.6333,2026-08-18T12:00:00Z,2026-08-20T20:00:00Z,99.3,7.9,0.75
mock-model-a-900001-21,model-a,1.0,900001,100001,BR,28573,,-23.5505,-46.6333,2026-08-18T12:00:00Z,2026-08-20T21:00:00Z,80.6,4.7,0.76
mock-model-b-900001-21,model-b,1.0,900001,100001,BR,28573,,-23.5505,-46.6333,2026-08-18T12:00:00Z,2026-08-20T21:00:00Z,93.6,6.1,0.76
mock-model-c-900001-21,model-c,1.0,900001,100001,BR,28573,,-23.5505,-46.6333,2026-08-18T12:00:00Z,2026-08-20T21:00:00Z,64.9,3.1,0.76
mock-model-d-900001-21,model-d,1.0,900001,100001,BR,28573,,-23.5505,-46.6333,2026-08-18T12:00:00Z,2026-08-20T21:00:00Z,97.8,7.2,0.76
mock-model-a-900001-22,model-a,1.0,900001,100001,BR,28573,,-23.5505,-46.6333,2026-08-18T12:00:00Z,2026-08-20T22:00:00Z,77.5,4.3,0.78
mock-model-b-900001-22,model-b,1.0,900001,100001,BR,28573,,-23.5505,-46.6333,2026-08-18T12:00:00Z,2026-08-20T22:00:00Z,90.2,5.7,0.78
mock-model-c-900001-22,model-c,1.0,900001,100001,BR,28573,,-23.5505,-46.6333,2026-08-18T12:00:00Z,2026-08-20T22:00:00Z,62.2,2.8,0.78
mock-model-d-900001-22,model-d,1.0,900001,100001,BR,28573,,-23.5505,-46.6333,2026-08-18T12:00:00Z,2026-08-20T22:00:00Z,94.6,6.8,0.78
mock-model-a-900001-23,model-a,1.0,900001,100001,BR,28573,,-23.5505,-46.6333,2026-08-18T12:00:00Z,2026-08-20T23:00:00Z,73.2,3.9,0.8
mock-model-b-900001-23,model-b,1.0,900001,100001,BR,28573,,-23.5505,-46.6333,2026-08-18T12:00:00Z,2026-08-20T23:00:00Z,85.5,5.2,0.8
mock-model-c-900001-23,model-c,1.0,900001,100001,BR,28573,,-23.5505,-46.6333,2026-08-18T12:00:00Z,2026-08-20T23:00:00Z,58.4,2.5,0.8
mock-model-d-900001-23,model-d,1.0,900001,100001,BR,28573,,-23.5505,-46.6333,2026-08-18T12:00:00Z,2026-08-20T23:00:00Z,90.1,6.2,0.8
mock-model-a-900002-00,model-a,1.0,900002,100002,BR,7738,7738,-22.9068,-43.1729,2026-08-18T12:00:00Z,2026-08-20T00:00:00Z,66.6,3.3,0.82
mock-model-b-900002-00,model-b,1.0,900002,100002,BR,7738,7738,-22.9068,-43.1729,2026-08-18T12:00:00Z,2026-08-20T00:00:00Z,78.4,4.5,0.82
mock-model-c-900002-00,model-c,1.0,900002,100002,BR,7738,7738,-22.9068,-43.1729,2026-08-18T12:00:00Z,2026-08-20T00:00:00Z,52.6,2.1,0.82
mock-model-d-900002-00,model-d,1.0,900002,100002,BR,7738,7738,-22.9068,-43.1729,2026-08-18T12:00:00Z,2026-08-20T00:00:00Z,83.3,5.4,0.82
mock-model-a-900002-01,model-a,1.0,900002,100002,BR,7738,7738,-22.9068,-43.1729,2026-08-18T12:00:00Z,2026-08-20T01:00:00Z,60.8,2.7,0.84
mock-model-b-900002-01,model-b,1.0,900002,100002,BR,7738,7738,-22.9068,-43.1729,2026-08-18T12:00:00Z,2026-08-20T01:00:00Z,72.2,3.8,0.84
mock-model-c-900002-01,model-c,1.0,900002,100002,BR,7738,7738,-22.9068,-43.1729,2026-08-18T12:00:00Z,2026-08-20T01:00:00Z,47.5,1.7,0.84
mock-model-d-900002-01,model-d,1.0,900002,100002,BR,7738,7738,-22.9068,-43.1729,2026-08-18T12:00:00Z,2026-08-20T01:00:00Z,77.2,4.6,0.84
mock-model-a-900002-02,model-a,1.0,900002,100002,BR,7738,7738,-22.9068,-43.1729,2026-08-18T12:00:00Z,2026-08-20T02:00:00Z,55.0,2.2,0.86
mock-model-b-900002-02,model-b,1.0,900002,100002,BR,7738,7738,-22.9068,-43.1729,2026-08-18T12:00:00Z,2026-08-20T02:00:00Z,65.9,3.1,0.86
mock-model-c-900002-02,model-c,1.0,900002,100002,BR,7738,7738,-22.9068,-43.1729,2026-08-18T12:00:00Z,2026-08-20T02:00:00Z,42.4,1.3,0.86
mock-model-d-900002-02,model-d,1.0,900002,100002,BR,7738,7738,-22.9068,-43.1729,2026-08-18T12:00:00Z,2026-08-20T02:00:00Z,71.2,3.8,0.86
mock-model-a-900002-03,model-a,1.0,900002,100002,BR,7738,7738,-22.9068,-43.1729,2026-08-18T12:00:00Z,2026-08-20T03:00:00Z,49.6,1.6,
mock-model-b-900002-03,model-b,1.0,900002,100002,BR,7738,7738,-22.9068,-43.1729,2026-08-18T12:00:00Z,2026-08-20T03:00:00Z,60.1,2.5,
mock-model-c-900002-03,model-c,1.0,900002,100002,BR,7738,7738,-22.9068,-43.1729,2026-08-18T12:00:00Z,2026-08-20T03:00:00Z,37.7,1.0,
mock-model-d-900002-03,model-d,1.0,900002,100002,BR,7738,7738,-22.9068,-43.1729,2026-08-18T12:00:00Z,2026-08-20T03:00:00Z,65.6,3.1,
mock-model-a-900002-04,model-a,1.0,900002,100002,BR,7738,7738,-22.9068,-43.1729,2026-08-18T12:00:00Z,2026-08-20T04:00:00Z,45.3,1.2,0.9
mock-model-b-900002-04,model-b,1.0,900002,100002,BR,7738,7738,-22.9068,-43.1729,2026-08-18T12:00:00Z,2026-08-20T04:00:00Z,55.4,1.9,0.9
mock-model-c-900002-04,model-c,1.0,900002,100002,BR,7738,7738,-22.9068,-43.1729,2026-08-18T12:00:00Z,2026-08-20T04:00:00Z,33.8,0.6,0.9
mock-model-d-900002-04,model-d,1.0,900002,100002,BR,7738,7738,-22.9068,-43.1729,2026-08-18T12:00:00Z,2026-08-20T04:00:00Z,61.1,2.5,0.9
mock-model-a-900002-05,model-a,1.0,900002,100002,BR,7738,7738,-22.9068,-43.1729,2026-08-18T12:00:00Z,2026-08-20T05:00:00Z,35.7,0.9,0.92
mock-model-b-900002-05,model-b,1.0,900002,100002,BR,7738,7738,-22.9068,-43.1729,2026-08-18T12:00:00Z,2026-08-20T05:00:00Z,45.0,1.5,0.92
mock-model-c-900002-05,model-c,1.0,900002,100002,BR,7738,7738,-22.9068,-43.1729,2026-08-18T12:00:00Z,2026-08-20T05:00:00Z,25.4,0.4,0.92
mock-model-d-900002-05,model-d,1.0,900002,100002,BR,7738,7738,-22.9068,-43.1729,2026-08-18T12:00:00Z,2026-08-20T05:00:00Z,51.1,2.1,0.92
mock-model-a-900002-06,model-a,1.0,900002,100002,BR,7738,7738,-22.9068,-43.1729,2026-08-18T12:00:00Z,2026-08-20T06:00:00Z,34.2,0.7,0.93
mock-model-b-900002-06,model-b,1.0,900002,100002,BR,7738,7738,-22.9068,-43.1729,2026-08-18T12:00:00Z,2026-08-20T06:00:00Z,43.5,1.3,0.93
mock-model-c-900002-06,model-c,1.0,900002,100002,BR,7738,7738,-22.9068,-43.1729,2026-08-18T12:00:00Z,2026-08-20T06:00:00Z,24.1,0.3,0.93
mock-model-d-900002-06,model-d,1.0,900002,100002,BR,7738,7738,-22.9068,-43.1729,2026-08-18T12:00:00Z,2026-08-20T06:00:00Z,49.6,1.8,0.93
mock-model-a-900002-07,model-a,1.0,900002,100002,BR,7738,7738,-22.9068,-43.1729,2026-08-18T12:00:00Z,2026-08-20T07:00:00Z,34.6,0.3,0.93
mock-model-b-900002-07,model-b,1.0,900002,100002,BR,7738,7738,-22.9068,-43.1729,2026-08-18T12:00:00Z,2026-08-20T07:00:00Z,43.9,0.9,0.93
mock-model-c-900002-07,model-c,1.0,900002,100002,BR,7738,7738,-22.9068,-43.1729,2026-08-18T12:00:00Z,2026-08-20T07:00:00Z,24.4,0.0,0.93
mock-model-d-900002-07,model-d,1.0,900002,100002,BR,7738,7738,-22.9068,-43.1729,2026-08-18T12:00:00Z,2026-08-20T07:00:00Z,50.0,1.3,0.93
mock-model-a-900002-08,model-a,1.0,900002,100002,BR,7738,7738,-22.9068,-43.1729,2026-08-18T12:00:00Z,2026-08-20T08:00:00Z,36.8,0.4,0.93
mock-model-b-900002-08,model-b,1.0,900002,100002,BR,7738,7738,-22.9068,-43.1729,2026-08-18T12:00:00Z,2026-08-20T08:00:00Z,46.3,1.0,0.93
mock-model-c-900002-08,model-c,1.0,900002,100002,BR,7738,7738,-22.9068,-43.1729,2026-08-18T12:00:00Z,2026-08-20T08:00:00Z,26.4,0.1,0.93
mock-model-d-900002-08,model-d,1.0,900002,100002,BR,7738,7738,-22.9068,-43.1729,2026-08-18T12:00:00Z,2026-08-20T08:00:00Z,52.3,1.5,0.93
mock-model-a-900002-09,model-a,1.0,900002,100002,BR,7738,7738,-22.9068,-43.1729,2026-08-18T12:00:00Z,2026-08-20T09:00:00Z,40.9,0.7,0.92
mock-model-b-900002-09,model-b,1.0,900002,100002,BR,7738,7738,-22.9068,-43.1729,2026-08-18T12:00:00Z,2026-08-20T09:00:00Z,50.7,1.4,0.92
mock-model-c-900002-09,model-c,1.0,900002,100002,BR,7738,7738,-22.9068,-43.1729,2026-08-18T12:00:00Z,2026-08-20T09:00:00Z,30.0,0.3,0.92
mock-model-d-900002-09,model-d,1.0,900002,100002,BR,7738,7738,-22.9068,-43.1729,2026-08-18T12:00:00Z,2026-08-20T09:00:00Z,56.5,1.9,0.92
mock-model-a-900002-10,model-a,1.0,900002,100002,BR,7738,7738,-22.9068,-43.1729,2026-08-18T12:00:00Z,2026-08-20T10:00:00Z,40.1,1.2,0.9
mock-model-b-900002-10,model-b,1.0,900002,100002,BR,7738,7738,-22.9068,-43.1729,2026-08-18T12:00:00Z,2026-08-20T10:00:00Z,49.8,1.9,0.9
mock-model-c-900002-10,model-c,1.0,900002,100002,BR,7738,7738,-22.9068,-43.1729,2026-08-18T12:00:00Z,2026-08-20T10:00:00Z,29.2,0.6,0.9
mock-model-d-900002-10,model-d,1.0,900002,100002,BR,7738,7738,-22.9068,-43.1729,2026-08-18T12:00:00Z,2026-08-20T10:00:00Z,55.7,2.5,0.9
mock-model-a-900002-11,model-a,1.0,900002,100002,BR,7738,7738,-22.9068,-43.1729,2026-08-18T12:00:00Z,2026-08-20T11:00:00Z,47.0,1.7,0.89
mock-model-b-900002-11,model-b,1.0,900002,100002,BR,7738,7738,-22.9068,-43.1729,2026-08-18T12:00:00Z,2026-08-20T11:00:00Z,57.3,2.5,0.89
mock-model-c-900002-11,model-c,1.0,900002,100002,BR,7738,7738,-22.9068,-43.1729,2026-08-18T12:00:00Z,2026-08-20T11:00:00Z,35.4,1.0,0.89
mock-model-d-900002-11,model-d,1.0,900002,100002,BR,7738,7738,-22.9068,-43.1729,2026-08-18T12:00:00Z,2026-08-20T11:00:00Z,62.9,3.2,0.89
mock-model-a-900002-12,model-a,1.0,900002,100002,BR,7738,7738,-22.9068,-43.1729,2026-08-18T12:00:00Z,2026-08-20T12:00:00Z,55.0,2.3,0.86
mock-model-b-900002-12,model-b,1.0,900002,100002,BR,7738,7738,-22.9068,-43.1729,2026-08-18T12:00:00Z,2026-08-20T12:00:00Z,65.9,3.3,0.86
mock-model-c-900002-12,model-c,1.0,900002,100002,BR,7738,7738,-22.9068,-43.1729,2026-08-18T12:00:00Z,2026-08-20T12:00:00Z,42.4,1.4,0.86
mock-model-d-900002-12,model-d,1.0,900002,100002,BR,7738,7738,-22.9068,-43.1729,2026-08-18T12:00:00Z,2026-08-20T12:00:00Z,71.2,4.0,0.86
mock-model-a-900002-13,model-a,1.0,900002,100002,BR,7738,7738,-22.9068,-43.1729,2026-08-18T12:00:00Z,2026-08-20T13:00:00Z,63.4,3.0,0.84
mock-model-b-900002-13,model-b,1.0,900002,100002,BR,7738,7738,-22.9068,-43.1729,2026-08-18T12:00:00Z,2026-08-20T13:00:00Z,75.0,4.1,0.84
mock-model-c-900002-13,model-c,1.0,900002,100002,BR,7738,7738,-22.9068,-43.1729,2026-08-18T12:00:00Z,2026-08-20T13:00:00Z,49.8,1.9,0.84
mock-model-d-900002-13,model-d,1.0,900002,100002,BR,7738,7738,-22.9068,-43.1729,2026-08-18T12:00:00Z,2026-08-20T13:00:00Z,79.9,5.0,0.84
mock-model-a-900002-14,model-a,1.0,900002,100002,BR,7738,7738,-22.9068,-43.1729,2026-08-18T12:00:00Z,2026-08-20T14:00:00Z,71.8,3.3,0.82
mock-model-b-900002-14,model-b,1.0,900002,100002,BR,7738,7738,-22.9068,-43.1729,2026-08-18T12:00:00Z,2026-08-20T14:00:00Z,84.1,4.5,0.82
mock-model-c-900002-14,model-c,1.0,900002,100002,BR,7738,7738,-22.9068,-43.1729,2026-08-18T12:00:00Z,2026-08-20T14:00:00Z,57.2,2.1,0.82
mock-model-d-900002-14,model-d,1.0,900002,100002,BR,7738,7738,-22.9068,-43.1729,2026-08-18T12:00:00Z,2026-08-20T14:00:00Z,88.7,5.4,0.82
mock-model-a-900002-15,model-a,1.0,900002,100002,BR,7738,7738,-22.9068,-43.1729,2026-08-18T12:00:00Z,2026-08-20T15:00:00Z,73.2,3.9,
mock-model-b-900002-15,model-b,1.0,900002,100002,BR,7738,7738,-22.9068,-43.1729,2026-08-18T12:00:00Z,2026-08-20T15:00:00Z,85.6,5.2,
mock-model-c-900002-15,model-c,1.0,900002,100002,BR,7738,7738,-22.9068,-43.1729,2026-08-18T12:00:00Z,2026-08-20T15:00:00Z,58.5,2.6,
mock-model-d-900002-15,model-d,1.0,900002,100002,BR,7738,7738,-22.9068,-43.1729,2026-08-18T12:00:00Z,2026-08-20T15:00:00Z,90.2,6.2,
mock-model-a-900002-16,model-a,1.0,900002,100002,BR,7738,7738,-22.9068,-43.1729,2026-08-18T12:00:00Z,2026-08-20T16:00:00Z,80.2,4.5,0.78
mock-model-b-900002-16,model-b,1.0,900002,100002,BR,7738,7738,-22.9068,-43.1729,2026-08-18T12:00:00Z,2026-08-20T16:00:00Z,93.2,5.9,0.78
mock-model-c-900002-16,model-c,1.0,900002,100002,BR,7738,7738,-22.9068,-43.1729,2026-08-18T12:00:00Z,2026-08-20T16:00:00Z,64.6,2.9,0.78
mock-model-d-900002-16,model-d,1.0,900002,100002,BR,7738,7738,-22.9068,-43.1729,2026-08-18T12:00:00Z,2026-08-20T16:00:00Z,97.5,7.0,0.78
mock-model-a-900002-17,model-a,1.0,900002,100002,BR,7738,7738,-22.9068,-43.1729,2026-08-18T12:00:00Z,2026-08-20T17:00:00Z,85.9,4.9,0.76
mock-model-b-900002-17,model-b,1.0,900002,100002,BR,7738,7738,-22.9068,-43.1729,2026-08-18T12:00:00Z,2026-08-20T17:00:00Z,99.3,6.4,0.76
mock-model-c-900002-17,model-c,1.0,900002,100002,BR,7738,7738,-22.9068,-43.1729,2026-08-18T12:00:00Z,2026-08-20T17:00:00Z,69.6,3.2,0.76
mock-model-d-900002-17,model-d,1.0,900002,100002,BR,7738,7738,-22.9068,-43.1729,2026-08-18T12:00:00Z,2026-08-20T17:00:00Z,103.4,7.6,0.76
mock-model-a-900002-18,model-a,1.0,900002,100002,BR,7738,7738,-22.9068,-43.1729,2026-08-18T12:00:00Z,2026-08-20T18:00:00Z,90.0,5.2,0.75
mock-model-b-900002-18,model-b,1.0,900002,100002,BR,7738,7738,-22.9068,-43.1729,2026-08-18T12:00:00Z,2026-08-20T18:00:00Z,103.7,6.8,0.75
mock-model-c-900002-18,model-c,1.0,900002,100002,BR,7738,7738,-22.9068,-43.1729,2026-08-18T12:00:00Z,2026-08-20T18:00:00Z,73.2,3.5,0.75
mock-model-d-900002-18,model-d,1.0,900002,100002,BR,7738,7738,-22.9068,-43.1729,2026-08-18T12:00:00Z,2026-08-20T18:00:00Z,107.6,7.9,0.75
mock-model-a-900002-19,model-a,1.0,900002,100002,BR,7738,7738,-22.9068,-43.1729,2026-08-18T12:00:00Z,2026-08-20T19:00:00Z,92.2,5.3,0.75
mock-model-b-900002-19,model-b,1.0,900002,100002,BR,7738,7738,-22.9068,-43.1729,2026-08-18T12:00:00Z,2026-08-20T19:00:00Z,106.1,6.9,0.75
mock-model-c-900002-19,model-c,1.0,900002,100002,BR,7738,7738,-22.9068,-43.1729,2026-08-18T12:00:00Z,2026-08-20T19:00:00Z,75.1,3.5,0.75
mock-model-d-900002-19,model-d,1.0,900002,100002,BR,7738,7738,-22.9068,-43.1729,2026-08-18T12:00:00Z,2026-08-20T19:00:00Z,109.9,8.1,0.75
mock-model-a-900002-20,model-a,1.0,900002,100002,BR,7738,7738,-22.9068,-43.1729,2026-08-18T12:00:00Z,2026-08-20T20:00:00Z,86.1,5.3,0.75
mock-model-b-900002-20,model-b,1.0,900002,100002,BR,7738,7738,-22.9068,-43.1729,2026-08-18T12:00:00Z,2026-08-20T20:00:00Z,99.4,6.9,0.75
mock-model-c-900002-20,model-c,1.0,900002,100002,BR,7738,7738,-22.9068,-43.1729,2026-08-18T12:00:00Z,2026-08-20T20:00:00Z,69.7,3.5,0.75
mock-model-d-900002-20,model-d,1.0,900002,100002,BR,7738,7738,-22.9068,-43.1729,2026-08-18T12:00:00Z,2026-08-20T20:00:00Z,103.5,8.1,0.75
mock-model-a-900002-21,model-a,1.0,900002,100002,BR,7738,7738,-22.9068,-43.1729,2026-08-18T12:00:00Z,2026-08-20T21:00:00Z,84.6,4.8,0.76
mock-model-b-900002-21,model-b,1.0,900002,100002,BR,7738,7738,-22.9068,-43.1729,2026-08-18T12:00:00Z,2026-08-20T21:00:00Z,97.9,6.2,0.76
mock-model-c-900002-21,model-c,1.0,900002,100002,BR,7738,7738,-22.9068,-43.1729,2026-08-18T12:00:00Z,2026-08-20T21:00:00Z,68.5,3.1,0.76
mock-model-d-900002-21,model-d,1.0,900002,100002,BR,7738,7738,-22.9068,-43.1729,2026-08-18T12:00:00Z,2026-08-20T21:00:00Z,102.0,7.4,0.76
mock-model-a-900002-22,model-a,1.0,900002,100002,BR,7738,7738,-22.9068,-43.1729,2026-08-18T12:00:00Z,2026-08-20T22:00:00Z,81.5,4.4,0.78
mock-model-b-900002-22,model-b,1.0,900002,100002,BR,7738,7738,-22.9068,-43.1729,2026-08-18T12:00:00Z,2026-08-20T22:00:00Z,94.6,5.8,0.78
mock-model-c-900002-22,model-c,1.0,900002,100002,BR,7738,7738,-22.9068,-43.1729,2026-08-18T12:00:00Z,2026-08-20T22:00:00Z,65.8,2.9,0.78
mock-model-d-900002-22,model-d,1.0,900002,100002,BR,7738,7738,-22.9068,-43.1729,2026-08-18T12:00:00Z,2026-08-20T22:00:00Z,98.8,6.9,0.78
mock-model-a-900002-23,model-a,1.0,900002,100002,BR,7738,7738,-22.9068,-43.1729,2026-08-18T12:00:00Z,2026-08-20T23:00:00Z,77.2,4.0,0.8
mock-model-b-900002-23,model-b,1.0,900002,100002,BR,7738,7738,-22.9068,-43.1729,2026-08-18T12:00:00Z,2026-08-20T23:00:00Z,89.8,5.3,0.8
mock-model-c-900002-23,model-c,1.0,900002,100002,BR,7738,7738,-22.9068,-43.1729,2026-08-18T12:00:00Z,2026-08-20T23:00:00Z,61.9,2.6,0.8
mock-model-d-900002-23,model-d,1.0,900002,100002,BR,7738,7738,-22.9068,-43.1729,2026-08-18T12:00:00Z,2026-08-20T23:00:00Z,94.2,6.3,0.8
mock-model-a-900003-00,model-a,1.0,900003,100003,BR,16735,,-19.9167,-43.9345,2026-08-18T12:00:00Z,2026-08-20T00:00:00Z,70.6,3.4,0.82
mock-model-b-900003-00,model-b,1.0,900003,100003,BR,16735,,-19.9167,-43.9345,2026-08-18T12:00:00Z,2026-08-20T00:00:00Z,82.8,4.6,0.82
mock-model-c-900003-00,model-c,1.0,900003,100003,BR,16735,,-19.9167,-43.9345,2026-08-18T12:00:00Z,2026-08-20T00:00:00Z,56.1,2.2,0.82
mock-model-d-900003-00,model-d,1.0,900003,100003,BR,16735,,-19.9167,-43.9345,2026-08-18T12:00:00Z,2026-08-20T00:00:00Z,87.4,5.5,0.82
mock-model-a-900003-01,model-a,1.0,900003,100003,BR,16735,,-19.9167,-43.9345,2026-08-18T12:00:00Z,2026-08-20T01:00:00Z,64.8,2.8,0.84
mock-model-b-900003-01,model-b,1.0,900003,100003,BR,16735,,-19.9167,-43.9345,2026-08-18T12:00:00Z,2026-08-20T01:00:00Z,76.5,3.9,0.84
mock-model-c-900003-01,model-c,1.0,900003,100003,BR,16735,,-19.9167,-43.9345,2026-08-18T12:00:00Z,2026-08-20T01:00:00Z,51.0,1.8,0.84
mock-model-d-900003-01,model-d,1.0,900003,100003,BR,16735,,-19.9167,-43.9345,2026-08-18T12:00:00Z,2026-08-20T01:00:00Z,81.4,4.7,0.84
mock-model-a-900003-02,model-a,1.0,900003,100003,BR,16735,,-19.9167,-43.9345,2026-08-18T12:00:00Z,2026-08-20T02:00:00Z,59.0,2.3,0.86
mock-model-b-900003-02,model-b,1.0,900003,100003,BR,16735,,-19.9167,-43.9345,2026-08-18T12:00:00Z,2026-08-20T02:00:00Z,70.2,3.2,0.86
mock-model-c-900003-02,model-c,1.0,900003,100003,BR,16735,,-19.9167,-43.9345,2026-08-18T12:00:00Z,2026-08-20T02:00:00Z,45.9,1.4,0.86
mock-model-d-900003-02,model-d,1.0,900003,100003,BR,16735,,-19.9167,-43.9345,2026-08-18T12:00:00Z,2026-08-20T02:00:00Z,75.3,4.0,0.86
mock-model-a-900003-03,model-a,1.0,900003,100003,BR,16735,,-19.9167,-43.9345,2026-08-18T12:00:00Z,2026-08-20T03:00:00Z,53.6,1.8,
mock-model-b-900003-03,model-b,1.0,900003,100003,BR,16735,,-19.9167,-43.9345,2026-08-18T12:00:00Z,2026-08-20T03:00:00Z,64.4,2.6,
mock-model-c-900003-03,model-c,1.0,900003,100003,BR,16735,,-19.9167,-43.9345,2026-08-18T12:00:00Z,2026-08-20T03:00:00Z,41.2,1.0,
mock-model-d-900003-03,model-d,1.0,900003,100003,BR,16735,,-19.9167,-43.9345,2026-08-18T12:00:00Z,2026-08-20T03:00:00Z,69.8,3.3,
mock-model-a-900003-04,model-a,1.0,900003,100003,BR,16735,,-19.9167,-43.9345,2026-08-18T12:00:00Z,2026-08-20T04:00:00Z,49.3,1.3,0.9
mock-model-b-900003-04,model-b,1.0,900003,100003,BR,16735,,-19.9167,-43.9345,2026-08-18T12:00:00Z,2026-08-20T04:00:00Z,59.7,2.1,0.9
mock-model-c-900003-04,model-c,1.0,900003,100003,BR,16735,,-19.9167,-43.9345,2026-08-18T12:00:00Z,2026-08-20T04:00:00Z,37.3,0.7,0.9
mock-model-d-900003-04,model-d,1.0,900003,100003,BR,16735,,-19.9167,-43.9345,2026-08-18T12:00:00Z,2026-08-20T04:00:00Z,65.2,2.7,0.9
mock-model-a-900003-05,model-a,1.0,900003,100003,BR,16735,,-19.9167,-43.9345,2026-08-18T12:00:00Z,2026-08-20T05:00:00Z,39.7,1.0,0.92
mock-model-b-900003-05,model-b,1.0,900003,100003,BR,16735,,-19.9167,-43.9345,2026-08-18T12:00:00Z,2026-08-20T05:00:00Z,49.4,1.7,0.92
mock-model-c-900003-05,model-c,1.0,900003,100003,BR,16735,,-19.9167,-43.9345,2026-08-18T12:00:00Z,2026-08-20T05:00:00Z,28.9,0.5,0.92
mock-model-d-900003-05,model-d,1.0,900003,100003,BR,16735,,-19.9167,-43.9345,2026-08-18T12:00:00Z,2026-08-20T05:00:00Z,55.3,2.2,0.92
mock-model-a-900003-06,model-a,1.0,900003,100003,BR,16735,,-19.9167,-43.9345,2026-08-18T12:00:00Z,2026-08-20T06:00:00Z,38.2,0.8,0.93
mock-model-b-900003-06,model-b,1.0,900003,100003,BR,16735,,-19.9167,-43.9345,2026-08-18T12:00:00Z,2026-08-20T06:00:00Z,47.8,1.4,0.93
mock-model-c-900003-06,model-c,1.0,900003,100003,BR,16735,,-19.9167,-43.9345,2026-08-18T12:00:00Z,2026-08-20T06:00:00Z,27.6,0.3,0.93
mock-model-d-900003-06,model-d,1.0,900003,100003,BR,16735,,-19.9167,-43.9345,2026-08-18T12:00:00Z,2026-08-20T06:00:00Z,53.8,2.0,0.93
mock-model-a-900003-07,model-a,1.0,900003,100003,BR,16735,,-19.9167,-43.9345,2026-08-18T12:00:00Z,2026-08-20T07:00:00Z,38.6,0.4,0.93
mock-model-b-900003-07,model-b,1.0,900003,100003,BR,16735,,-19.9167,-43.9345,2026-08-18T12:00:00Z,2026-08-20T07:00:00Z,48.2,1.0,0.93
mock-model-c-900003-07,model-c,1.0,900003,100003,BR,16735,,-19.9167,-43.9345,2026-08-18T12:00:00Z,2026-08-20T07:00:00Z,28.0,0.1,0.93
mock-model-d-900003-07,model-d,1.0,900003,100003,BR,16735,,-19.9167,-43.9345,2026-08-18T12:00:00Z,2026-08-20T07:00:00Z,54.1,1.4,0.93
mock-model-a-900003-08,model-a,1.0,900003,100003,BR,16735,,-19.9167,-43.9345,2026-08-18T12:00:00Z,2026-08-20T08:00:00Z,40.8,0.5,0.93
mock-model-b-900003-08,model-b,1.0,900003,100003,BR,16735,,-19.9167,-43.9345,2026-08-18T12:00:00Z,2026-08-20T08:00:00Z,50.6,1.1,0.93
mock-model-c-900003-08,model-c,1.0,900003,100003,BR,16735,,-19.9167,-43.9345,2026-08-18T12:00:00Z,2026-08-20T08:00:00Z,29.9,0.2,0.93
mock-model-d-900003-08,model-d,1.0,900003,100003,BR,16735,,-19.9167,-43.9345,2026-08-18T12:00:00Z,2026-08-20T08:00:00Z,56.5,1.6,0.93
mock-model-a-900003-09,model-a,1.0,900003,100003,BR,16735,,-19.9167,-43.9345,2026-08-18T12:00:00Z,2026-08-20T09:00:00Z,44.9,0.8,0.92
mock-model-b-900003-09,model-b,1.0,900003,100003,BR,16735,,-19.9167,-43.9345,2026-08-18T12:00:00Z,2026-08-20T09:00:00Z,55.0,1.5,0.92
mock-model-c-900003-09,model-c,1.0,900003,100003,BR,16735,,-19.9167,-43.9345,2026-08-18T12:00:00Z,2026-08-20T09:00:00Z,33.5,0.4,0.92
mock-model-d-900003-09,model-d,1.0,900003,100003,BR,16735,,-19.9167,-43.9345,2026-08-18T12:00:00Z,2026-08-20T09:00:00Z,60.7,2.0,0.92
mock-model-a-900003-10,model-a,1.0,900003,100003,BR,16735,,-19.9167,-43.9345,2026-08-18T12:00:00Z,2026-08-20T10:00:00Z,44.1,1.3,0.9
mock-model-b-900003-10,model-b,1.0,900003,100003,BR,16735,,-19.9167,-43.9345,2026-08-18T12:00:00Z,2026-08-20T10:00:00Z,54.1,2.0,0.9
mock-model-c-900003-10,model-c,1.0,900003,100003,BR,16735,,-19.9167,-43.9345,2026-08-18T12:00:00Z,2026-08-20T10:00:00Z,32.8,0.7,0.9
mock-model-d-900003-10,model-d,1.0,900003,100003,BR,16735,,-19.9167,-43.9345,2026-08-18T12:00:00Z,2026-08-20T10:00:00Z,59.8,2.6,0.9
mock-model-a-900003-11,model-a,1.0,900003,100003,BR,16735,,-19.9167,-43.9345,2026-08-18T12:00:00Z,2026-08-20T11:00:00Z,51.0,1.8,0.89
mock-model-b-900003-11,model-b,1.0,900003,100003,BR,16735,,-19.9167,-43.9345,2026-08-18T12:00:00Z,2026-08-20T11:00:00Z,61.6,2.7,0.89
mock-model-c-900003-11,model-c,1.0,900003,100003,BR,16735,,-19.9167,-43.9345,2026-08-18T12:00:00Z,2026-08-20T11:00:00Z,38.9,1.1,0.89
mock-model-d-900003-11,model-d,1.0,900003,100003,BR,16735,,-19.9167,-43.9345,2026-08-18T12:00:00Z,2026-08-20T11:00:00Z,67.1,3.3,0.89
mock-model-a-900003-12,model-a,1.0,900003,100003,BR,16735,,-19.9167,-43.9345,2026-08-18T12:00:00Z,2026-08-20T12:00:00Z,59.0,2.4,0.86
mock-model-b-900003-12,model-b,1.0,900003,100003,BR,16735,,-19.9167,-43.9345,2026-08-18T12:00:00Z,2026-08-20T12:00:00Z,70.2,3.4,0.86
mock-model-c-900003-12,model-c,1.0,900003,100003,BR,16735,,-19.9167,-43.9345,2026-08-18T12:00:00Z,2026-08-20T12:00:00Z,45.9,1.5,0.86
mock-model-d-900003-12,model-d,1.0,900003,100003,BR,16735,,-19.9167,-43.9345,2026-08-18T12:00:00Z,2026-08-20T12:00:00Z,75.3,4.2,0.86
mock-model-a-900003-13,model-a,1.0,900003,100003,BR,16735,,-19.9167,-43.9345,2026-08-18T12:00:00Z,2026-08-20T13:00:00Z,67.4,3.1,0.84
mock-model-b-900003-13,model-b,1.0,900003,100003,BR,16735,,-19.9167,-43.9345,2026-08-18T12:00:00Z,2026-08-20T13:00:00Z,79.3,4.2,0.84
mock-model-c-900003-13,model-c,1.0,900003,100003,BR,16735,,-19.9167,-43.9345,2026-08-18T12:00:00Z,2026-08-20T13:00:00Z,53.3,2.0,0.84
mock-model-d-900003-13,model-d,1.0,900003,100003,BR,16735,,-19.9167,-43.9345,2026-08-18T12:00:00Z,2026-08-20T13:00:00Z,84.1,5.1,0.84
mock-model-a-900003-14,model-a,1.0,900003,100003,BR,16735,,-19.9167,-43.9345,2026-08-18T12:00:00Z,2026-08-20T14:00:00Z,75.8,3.4,0.82
mock-model-b-900003-14,model-b,1.0,900003,100003,BR,16735,,-19.9167,-43.9345,2026-08-18T12:00:00Z,2026-08-20T14:00:00Z,88.4,4.6,0.82
mock-model-c-900003-14,model-c,1.0,900003,100003,BR,16735,,-19.9167,-43.9345,2026-08-18T12:00:00Z,2026-08-20T14:00:00Z,60.7,2.2,0.82
mock-model-d-900003-14,model-d,1.0,900003,100003,BR,16735,,-19.9167,-43.9345,2026-08-18T12:00:00Z,2026-08-20T14:00:00Z,92.9,5.5,0.82
mock-model-a-900003-15,model-a,1.0,900003,100003,BR,16735,,-19.9167,-43.9345,2026-08-18T12:00:00Z,2026-08-20T15:00:00Z,77.2,4.0,
mock-model-b-900003-15,model-b,1.0,900003,100003,BR,16735,,-19.9167,-43.9345,2026-08-18T12:00:00Z,2026-08-20T15:00:00Z,89.9,5.4,
mock-model-c-900003-15,model-c,1.0,900003,100003,BR,16735,,-19.9167,-43.9345,2026-08-18T12:00:00Z,2026-08-20T15:00:00Z,62.0,2.6,
mock-model-d-900003-15,model-d,1.0,900003,100003,BR,16735,,-19.9167,-43.9345,2026-08-18T12:00:00Z,2026-08-20T15:00:00Z,94.3,6.4,
mock-model-a-900003-16,model-a,1.0,900003,100003,BR,16735,,-19.9167,-43.9345,2026-08-18T12:00:00Z,2026-08-20T16:00:00Z,84.2,4.6,0.78
mock-model-b-900003-16,model-b,1.0,900003,100003,BR,16735,,-19.9167,-43.9345,2026-08-18T12:00:00Z,2026-08-20T16:00:00Z,97.5,6.0,0.78
mock-model-c-900003-16,model-c,1.0,900003,100003,BR,16735,,-19.9167,-43.9345,2026-08-18T12:00:00Z,2026-08-20T16:00:00Z,68.1,3.0,0.78
mock-model-d-900003-16,model-d,1.0,900003,100003,BR,16735,,-19.9167,-43.9345,2026-08-18T12:00:00Z,2026-08-20T16:00:00Z,101.6,7.1,0.78
mock-model-a-900003-17,model-a,1.0,900003,100003,BR,16735,,-19.9167,-43.9345,2026-08-18T12:00:00Z,2026-08-20T17:00:00Z,89.9,5.0,0.76
mock-model-b-900003-17,model-b,1.0,900003,100003,BR,16735,,-19.9167,-43.9345,2026-08-18T12:00:00Z,2026-08-20T17:00:00Z,103.6,6.5,0.76
mock-model-c-900003-17,model-c,1.0,900003,100003,BR,16735,,-19.9167,-43.9345,2026-08-18T12:00:00Z,2026-08-20T17:00:00Z,73.1,3.3,0.76
mock-model-d-900003-17,model-d,1.0,900003,100003,BR,16735,,-19.9167,-43.9345,2026-08-18T12:00:00Z,2026-08-20T17:00:00Z,107.5,7.7,0.76
mock-model-a-900003-18,model-a,1.0,900003,100003,BR,16735,,-19.9167,-43.9345,2026-08-18T12:00:00Z,2026-08-20T18:00:00Z,94.0,5.3,0.75
mock-model-b-900003-18,model-b,1.0,900003,100003,BR,16735,,-19.9167,-43.9345,2026-08-18T12:00:00Z,2026-08-20T18:00:00Z,108.0,6.9,0.75
mock-model-c-900003-18,model-c,1.0,900003,100003,BR,16735,,-19.9167,-43.9345,2026-08-18T12:00:00Z,2026-08-20T18:00:00Z,76.7,3.5,0.75
mock-model-d-900003-18,model-d,1.0,900003,100003,BR,16735,,-19.9167,-43.9345,2026-08-18T12:00:00Z,2026-08-20T18:00:00Z,111.7,8.1,0.75
mock-model-a-900003-19,model-a,1.0,900003,100003,BR,16735,,-19.9167,-43.9345,2026-08-18T12:00:00Z,2026-08-20T19:00:00Z,96.2,5.5,0.75
mock-model-b-900003-19,model-b,1.0,900003,100003,BR,16735,,-19.9167,-43.9345,2026-08-18T12:00:00Z,2026-08-20T19:00:00Z,110.4,7.0,0.75
mock-model-c-900003-19,model-c,1.0,900003,100003,BR,16735,,-19.9167,-43.9345,2026-08-18T12:00:00Z,2026-08-20T19:00:00Z,78.7,3.6,0.75
mock-model-d-900003-19,model-d,1.0,900003,100003,BR,16735,,-19.9167,-43.9345,2026-08-18T12:00:00Z,2026-08-20T19:00:00Z,114.0,8.3,0.75
mock-model-a-900003-20,model-a,1.0,900003,100003,BR,16735,,-19.9167,-43.9345,2026-08-18T12:00:00Z,2026-08-20T20:00:00Z,90.1,5.4,0.75
mock-model-b-900003-20,model-b,1.0,900003,100003,BR,16735,,-19.9167,-43.9345,2026-08-18T12:00:00Z,2026-08-20T20:00:00Z,103.8,7.0,0.75
mock-model-c-900003-20,model-c,1.0,900003,100003,BR,16735,,-19.9167,-43.9345,2026-08-18T12:00:00Z,2026-08-20T20:00:00Z,73.3,3.6,0.75
mock-model-d-900003-20,model-d,1.0,900003,100003,BR,16735,,-19.9167,-43.9345,2026-08-18T12:00:00Z,2026-08-20T20:00:00Z,107.7,8.2,0.75
mock-model-a-900003-21,model-a,1.0,900003,100003,BR,16735,,-19.9167,-43.9345,2026-08-18T12:00:00Z,2026-08-20T21:00:00Z,88.6,4.9,0.76
mock-model-b-900003-21,model-b,1.0,900003,100003,BR,16735,,-19.9167,-43.9345,2026-08-18T12:00:00Z,2026-08-20T21:00:00Z,102.2,6.4,0.76
mock-model-c-900003-21,model-c,1.0,900003,100003,BR,16735,,-19.9167,-43.9345,2026-08-18T12:00:00Z,2026-08-20T21:00:00Z,72.0,3.2,0.76
mock-model-d-900003-21,model-d,1.0,900003,100003,BR,16735,,-19.9167,-43.9345,2026-08-18T12:00:00Z,2026-08-20T21:00:00Z,106.2,7.5,0.76
mock-model-a-900003-22,model-a,1.0,900003,100003,BR,16735,,-19.9167,-43.9345,2026-08-18T12:00:00Z,2026-08-20T22:00:00Z,85.5,4.5,0.78
mock-model-b-900003-22,model-b,1.0,900003,100003,BR,16735,,-19.9167,-43.9345,2026-08-18T12:00:00Z,2026-08-20T22:00:00Z,98.9,6.0,0.78
mock-model-c-900003-22,model-c,1.0,900003,100003,BR,16735,,-19.9167,-43.9345,2026-08-18T12:00:00Z,2026-08-20T22:00:00Z,69.3,3.0,0.78
mock-model-d-900003-22,model-d,1.0,900003,100003,BR,16735,,-19.9167,-43.9345,2026-08-18T12:00:00Z,2026-08-20T22:00:00Z,103.0,7.0,0.78
mock-model-a-900003-23,model-a,1.0,900003,100003,BR,16735,,-19.9167,-43.9345,2026-08-18T12:00:00Z,2026-08-20T23:00:00Z,81.2,4.1,0.8
mock-model-b-900003-23,model-b,1.0,900003,100003,BR,16735,,-19.9167,-43.9345,2026-08-18T12:00:00Z,2026-08-20T23:00:00Z,94.1,5.4,0.8
mock-model-c-900003-23,model-c,1.0,900003,100003,BR,16735,,-19.9167,-43.9345,2026-08-18T12:00:00Z,2026-08-20T23:00:00Z,65.4,2.7,0.8
mock-model-d-900003-23,model-d,1.0,900003,100003,BR,16735,,-19.9167,-43.9345,2026-08-18T12:00:00Z,2026-08-20T23:00:00Z,98.4,6.4,0.8
mock-model-a-900004-00,model-a,1.0,900004,100004,BR,28573,28573,-15.7975,-47.8919,2026-08-18T12:00:00Z,2026-08-20T00:00:00Z,68.6,3.3,0.82
mock-model-b-900004-00,model-b,1.0,900004,100004,BR,28573,28573,-15.7975,-47.8919,2026-08-18T12:00:00Z,2026-08-20T00:00:00Z,80.6,4.5,0.82
mock-model-c-900004-00,model-c,1.0,900004,100004,BR,28573,28573,-15.7975,-47.8919,2026-08-18T12:00:00Z,2026-08-20T00:00:00Z,54.4,2.1,0.82
mock-model-d-900004-00,model-d,1.0,900004,100004,BR,28573,28573,-15.7975,-47.8919,2026-08-18T12:00:00Z,2026-08-20T00:00:00Z,85.4,5.4,0.82
mock-model-a-900004-01,model-a,1.0,900004,100004,BR,28573,28573,-15.7975,-47.8919,2026-08-18T12:00:00Z,2026-08-20T01:00:00Z,62.8,2.7,0.84
mock-model-b-900004-01,model-b,1.0,900004,100004,BR,28573,28573,-15.7975,-47.8919,2026-08-18T12:00:00Z,2026-08-20T01:00:00Z,74.3,3.8,0.84
mock-model-c-900004-01,model-c,1.0,900004,100004,BR,28573,28573,-15.7975,-47.8919,2026-08-18T12:00:00Z,2026-08-20T01:00:00Z,49.3,1.7,0.84
mock-model-d-900004-01,model-d,1.0,900004,100004,BR,28573,28573,-15.7975,-47.8919,2026-08-18T12:00:00Z,2026-08-20T01:00:00Z,79.3,4.6,0.84
mock-model-a-900004-02,model-a,1.0,900004,100004,BR,28573,28573,-15.7975,-47.8919,2026-08-18T12:00:00Z,2026-08-20T02:00:00Z,57.0,2.2,0.86
mock-model-b-900004-02,model-b,1.0,900004,100004,BR,28573,28573,-15.7975,-47.8919,2026-08-18T12:00:00Z,2026-08-20T02:00:00Z,68.0,3.1,0.86
mock-model-c-900004-02,model-c,1.0,900004,100004,BR,28573,28573,-15.7975,-47.8919,2026-08-18T12:00:00Z,2026-08-20T02:00:00Z,44.1,1.3,0.86
mock-model-d-900004-02,model-d,1.0,900004,100004,BR,28573,28573,-15.7975,-47.8919,2026-08-18T12:00:00Z,2026-08-20T02:00:00Z,73.3,3.8,0.86
mock-model-a-900004-03,model-a,1.0,900004,100004,BR,28573,28573,-15.7975,-47.8919,2026-08-18T12:00:00Z,2026-08-20T03:00:00Z,51.6,1.6,
mock-model-b-900004-03,model-b,1.0,900004,100004,BR,28573,28573,-15.7975,-47.8919,2026-08-18T12:00:00Z,2026-08-20T03:00:00Z,62.3,2.5,
mock-model-c-900004-03,model-c,1.0,900004,100004,BR,28573,28573,-15.7975,-47.8919,2026-08-18T12:00:00Z,2026-08-20T03:00:00Z,39.5,1.0,
mock-model-d-900004-03,model-d,1.0,900004,100004,BR,28573,28573,-15.7975,-47.8919,2026-08-18T12:00:00Z,2026-08-20T03:00:00Z,67.7,3.1,
mock-model-a-900004-04,model-a,1.0,900004,100004,BR,28573,28573,-15.7975,-47.8919,2026-08-18T12:00:00Z,2026-08-20T04:00:00Z,47.3,1.2,0.9
mock-model-b-900004-04,model-b,1.0,900004,100004,BR,28573,28573,-15.7975,-47.8919,2026-08-18T12:00:00Z,2026-08-20T04:00:00Z,57.5,1.9,0.9
mock-model-c-900004-04,model-c,1.0,900004,100004,BR,28573,28573,-15.7975,-47.8919,2026-08-18T12:00:00Z,2026-08-20T04:00:00Z,35.6,0.6,0.9
mock-model-d-900004-04,model-d,1.0,900004,100004,BR,28573,28573,-15.7975,-47.8919,2026-08-18T12:00:00Z,2026-08-20T04:00:00Z,63.1,2.5,0.9
mock-model-a-900004-05,model-a,1.0,900004,100004,BR,28573,28573,-15.7975,-47.8919,2026-08-18T12:00:00Z,2026-08-20T05:00:00Z,37.7,0.9,0.92
mock-model-b-900004-05,model-b,1.0,900004,100004,BR,28573,28573,-15.7975,-47.8919,2026-08-18T12:00:00Z,2026-08-20T05:00:00Z,47.2,1.5,0.92
mock-model-c-900004-05,model-c,1.0,900004,100004,BR,28573,28573,-15.7975,-47.8919,2026-08-18T12:00:00Z,2026-08-20T05:00:00Z,27.2,0.4,0.92
mock-model-d-900004-05,model-d,1.0,900004,100004,BR,28573,28573,-15.7975,-47.8919,2026-08-18T12:00:00Z,2026-08-20T05:00:00Z,53.2,2.1,0.92
mock-model-a-900004-06,model-a,1.0,900004,100004,BR,28573,28573,-15.7975,-47.8919,2026-08-18T12:00:00Z,2026-08-20T06:00:00Z,36.2,0.7,0.93
mock-model-b-900004-06,model-b,1.0,900004,100004,BR,28573,28573,-15.7975,-47.8919,2026-08-18T12:00:00Z,2026-08-20T06:00:00Z,45.6,1.3,0.93
mock-model-c-900004-06,model-c,1.0,900004,100004,BR,28573,28573,-15.7975,-47.8919,2026-08-18T12:00:00Z,2026-08-20T06:00:00Z,25.9,0.3,0.93
mock-model-d-900004-06,model-d,1.0,900004,100004,BR,28573,28573,-15.7975,-47.8919,2026-08-18T12:00:00Z,2026-08-20T06:00:00Z,51.7,1.8,0.93
mock-model-a-900004-07,model-a,1.0,900004,100004,BR,28573,28573,-15.7975,-47.8919,2026-08-18T12:00:00Z,2026-08-20T07:00:00Z,36.6,0.3,0.93
mock-model-b-900004-07,model-b,1.0,900004,100004,BR,28573,28573,-15.7975,-47.8919,2026-08-18T12:00:00Z,2026-08-20T07:00:00Z,46.0,0.9,0.93
mock-model-c-900004-07,model-c,1.0,900004,100004,BR,28573,28573,-15.7975,-47.8919,2026-08-18T12:00:00Z,2026-08-20T07:00:00Z,26.2,0.0,0.93
mock-model-d-900004-07,model-d,1.0,900004,100004,BR,28573,28573,-15.7975,-47.8919,2026-08-18T12:00:00Z,2026-08-20T07:00:00Z,52.1,1.3,0.93
mock-model-a-900004-08,model-a,1.0,900004,100004,BR,28573,28573,-15.7975,-47.8919,2026-08-18T12:00:00Z,2026-08-20T08:00:00Z,38.8,0.4,0.93
mock-model-b-900004-08,model-b,1.0,900004,100004,BR,28573,28573,-15.7975,-47.8919,2026-08-18T12:00:00Z,2026-08-20T08:00:00Z,48.4,1.0,0.93
mock-model-c-900004-08,model-c,1.0,900004,100004,BR,28573,28573,-15.7975,-47.8919,2026-08-18T12:00:00Z,2026-08-20T08:00:00Z,28.2,0.1,0.93
mock-model-d-900004-08,model-d,1.0,900004,100004,BR,28573,28573,-15.7975,-47.8919,2026-08-18T12:00:00Z,2026-08-20T08:00:00Z,54.4,1.5,0.93
mock-model-a-900004-09,model-a,1.0,900004,100004,BR,28573,28573,-15.7975,-47.8919,2026-08-18T12:00:00Z,2026-08-20T09:00:00Z,42.9,0.7,0.92
mock-model-b-900004-09,model-b,1.0,900004,100004,BR,28573,28573,-15.7975,-47.8919,2026-08-18T12:00:00Z,2026-08-20T09:00:00Z,52.8,1.4,0.92
mock-model-c-900004-09,model-c,1.0,900004,100004,BR,28573,28573,-15.7975,-47.8919,2026-08-18T12:00:00Z,2026-08-20T09:00:00Z,31.7,0.3,0.92
mock-model-d-900004-09,model-d,1.0,900004,100004,BR,28573,28573,-15.7975,-47.8919,2026-08-18T12:00:00Z,2026-08-20T09:00:00Z,58.6,1.9,0.92
mock-model-a-900004-10,model-a,1.0,900004,100004,BR,28573,28573,-15.7975,-47.8919,2026-08-18T12:00:00Z,2026-08-20T10:00:00Z,42.1,1.2,0.9
mock-model-b-900004-10,model-b,1.0,900004,100004,BR,28573,28573,-15.7975,-47.8919,2026-08-18T12:00:00Z,2026-08-20T10:00:00Z,51.9,1.9,0.9
mock-model-c-900004-10,model-c,1.0,900004,100004,BR,28573,28573,-15.7975,-47.8919,2026-08-18T12:00:00Z,2026-08-20T10:00:00Z,31.0,0.6,0.9
mock-model-d-900004-10,model-d,1.0,900004,100004,BR,28573,28573,-15.7975,-47.8919,2026-08-18T12:00:00Z,2026-08-20T10:00:00Z,57.7,2.5,0.9
mock-model-a-900004-11,model-a,1.0,900004,100004,BR,28573,28573,-15.7975,-47.8919,2026-08-18T12:00:00Z,2026-08-20T11:00:00Z,49.0,1.7,0.89
mock-model-b-900004-11,model-b,1.0,900004,100004,BR,28573,28573,-15.7975,-47.8919,2026-08-18T12:00:00Z,2026-08-20T11:00:00Z,59.5,2.5,0.89
mock-model-c-900004-11,model-c,1.0,900004,100004,BR,28573,28573,-15.7975,-47.8919,2026-08-18T12:00:00Z,2026-08-20T11:00:00Z,37.2,1.0,0.89
mock-model-d-900004-11,model-d,1.0,900004,100004,BR,28573,28573,-15.7975,-47.8919,2026-08-18T12:00:00Z,2026-08-20T11:00:00Z,65.0,3.2,0.89
mock-model-a-900004-12,model-a,1.0,900004,100004,BR,28573,28573,-15.7975,-47.8919,2026-08-18T12:00:00Z,2026-08-20T12:00:00Z,57.0,2.3,0.86
mock-model-b-900004-12,model-b,1.0,900004,100004,BR,28573,28573,-15.7975,-47.8919,2026-08-18T12:00:00Z,2026-08-20T12:00:00Z,68.0,3.3,0.86
mock-model-c-900004-12,model-c,1.0,900004,100004,BR,28573,28573,-15.7975,-47.8919,2026-08-18T12:00:00Z,2026-08-20T12:00:00Z,44.1,1.4,0.86
mock-model-d-900004-12,model-d,1.0,900004,100004,BR,28573,28573,-15.7975,-47.8919,2026-08-18T12:00:00Z,2026-08-20T12:00:00Z,73.3,4.0,0.86
mock-model-a-900004-13,model-a,1.0,900004,100004,BR,28573,28573,-15.7975,-47.8919,2026-08-18T12:00:00Z,2026-08-20T13:00:00Z,65.4,3.0,0.84
mock-model-b-900004-13,model-b,1.0,900004,100004,BR,28573,28573,-15.7975,-47.8919,2026-08-18T12:00:00Z,2026-08-20T13:00:00Z,77.1,4.1,0.84
mock-model-c-900004-13,model-c,1.0,900004,100004,BR,28573,28573,-15.7975,-47.8919,2026-08-18T12:00:00Z,2026-08-20T13:00:00Z,51.6,1.9,0.84
mock-model-d-900004-13,model-d,1.0,900004,100004,BR,28573,28573,-15.7975,-47.8919,2026-08-18T12:00:00Z,2026-08-20T13:00:00Z,82.0,5.0,0.84
mock-model-a-900004-14,model-a,1.0,900004,100004,BR,28573,28573,-15.7975,-47.8919,2026-08-18T12:00:00Z,2026-08-20T14:00:00Z,73.8,3.3,0.82
mock-model-b-900004-14,model-b,1.0,900004,100004,BR,28573,28573,-15.7975,-47.8919,2026-08-18T12:00:00Z,2026-08-20T14:00:00Z,86.2,4.5,0.82
mock-model-c-900004-14,model-c,1.0,900004,100004,BR,28573,28573,-15.7975,-47.8919,2026-08-18T12:00:00Z,2026-08-20T14:00:00Z,59.0,2.1,0.82
mock-model-d-900004-14,model-d,1.0,900004,100004,BR,28573,28573,-15.7975,-47.8919,2026-08-18T12:00:00Z,2026-08-20T14:00:00Z,90.8,5.4,0.82
mock-model-a-900004-15,model-a,1.0,900004,100004,BR,28573,28573,-15.7975,-47.8919,2026-08-18T12:00:00Z,2026-08-20T15:00:00Z,75.2,3.9,
mock-model-b-900004-15,model-b,1.0,900004,100004,BR,28573,28573,-15.7975,-47.8919,2026-08-18T12:00:00Z,2026-08-20T15:00:00Z,87.8,5.2,
mock-model-c-900004-15,model-c,1.0,900004,100004,BR,28573,28573,-15.7975,-47.8919,2026-08-18T12:00:00Z,2026-08-20T15:00:00Z,60.2,2.6,
mock-model-d-900004-15,model-d,1.0,900004,100004,BR,28573,28573,-15.7975,-47.8919,2026-08-18T12:00:00Z,2026-08-20T15:00:00Z,92.3,6.2,
mock-model-a-900004-16,model-a,1.0,900004,100004,BR,28573,28573,-15.7975,-47.8919,2026-08-18T12:00:00Z,2026-08-20T16:00:00Z,82.2,4.5,0.78
mock-model-b-900004-16,model-b,1.0,900004,100004,BR,28573,28573,-15.7975,-47.8919,2026-08-18T12:00:00Z,2026-08-20T16:00:00Z,95.3,5.9,0.78
mock-model-c-900004-16,model-c,1.0,900004,100004,BR,28573,28573,-15.7975,-47.8919,2026-08-18T12:00:00Z,2026-08-20T16:00:00Z,66.4,2.9,0.78
mock-model-d-900004-16,model-d,1.0,900004,100004,BR,28573,28573,-15.7975,-47.8919,2026-08-18T12:00:00Z,2026-08-20T16:00:00Z,99.5,7.0,0.78
mock-model-a-900004-17,model-a,1.0,900004,100004,BR,28573,28573,-15.7975,-47.8919,2026-08-18T12:00:00Z,2026-08-20T17:00:00Z,87.9,4.9,0.76
mock-model-b-900004-17,model-b,1.0,900004,100004,BR,28573,28573,-15.7975,-47.8919,2026-08-18T12:00:00Z,2026-08-20T17:00:00Z,101.4,6.4,0.76
mock-model-c-900004-17,model-c,1.0,900004,100004,BR,28573,28573,-15.7975,-47.8919,2026-08-18T12:00:00Z,2026-08-20T17:00:00Z,71.4,3.2,0.76
mock-model-d-900004-17,model-d,1.0,900004,100004,BR,28573,28573,-15.7975,-47.8919,2026-08-18T12:00:00Z,2026-08-20T17:00:00Z,105.4,7.6,0.76
mock-model-a-900004-18,model-a,1.0,900004,100004,BR,28573,28573,-15.7975,-47.8919,2026-08-18T12:00:00Z,2026-08-20T18:00:00Z,92.0,5.2,0.75
mock-model-b-900004-18,model-b,1.0,900004,100004,BR,28573,28573,-15.7975,-47.8919,2026-08-18T12:00:00Z,2026-08-20T18:00:00Z,105.8,6.8,0.75
mock-model-c-900004-18,model-c,1.0,900004,100004,BR,28573,28573,-15.7975,-47.8919,2026-08-18T12:00:00Z,2026-08-20T18:00:00Z,74.9,3.5,0.75
mock-model-d-900004-18,model-d,1.0,900004,100004,BR,28573,28573,-15.7975,-47.8919,2026-08-18T12:00:00Z,2026-08-20T18:00:00Z,109.6,7.9,0.75
mock-model-a-900004-19,model-a,1.0,900004,100004,BR,28573,28573,-15.7975,-47.8919,2026-08-18T12:00:00Z,2026-08-20T19:00:00Z,94.2,5.3,0.75
mock-model-b-900004-19,model-b,1.0,900004,100004,BR,28573,28573,-15.7975,-47.8919,2026-08-18T12:00:00Z,2026-08-20T19:00:00Z,108.2,6.9,0.75
mock-model-c-900004-19,model-c,1.0,900004,100004,BR,28573,28573,-15.7975,-47.8919,2026-08-18T12:00:00Z,2026-08-20T19:00:00Z,76.9,3.5,0.75
mock-model-d-900004-19,model-d,1.0,900004,100004,BR,28573,28573,-15.7975,-47.8919,2026-08-18T12:00:00Z,2026-08-20T19:00:00Z,112.0,8.1,0.75
mock-model-a-900004-20,model-a,1.0,900004,100004,BR,28573,28573,-15.7975,-47.8919,2026-08-18T12:00:00Z,2026-08-20T20:00:00Z,88.1,5.3,0.75
mock-model-b-900004-20,model-b,1.0,900004,100004,BR,28573,28573,-15.7975,-47.8919,2026-08-18T12:00:00Z,2026-08-20T20:00:00Z,101.6,6.9,0.75
mock-model-c-900004-20,model-c,1.0,900004,100004,BR,28573,28573,-15.7975,-47.8919,2026-08-18T12:00:00Z,2026-08-20T20:00:00Z,71.5,3.5,0.75
mock-model-d-900004-20,model-d,1.0,900004,100004,BR,28573,28573,-15.7975,-47.8919,2026-08-18T12:00:00Z,2026-08-20T20:00:00Z,105.6,8.1,0.75
mock-model-a-900004-21,model-a,1.0,900004,100004,BR,28573,28573,-15.7975,-47.8919,2026-08-18T12:00:00Z,2026-08-20T21:00:00Z,86.6,4.8,0.76
mock-model-b-900004-21,model-b,1.0,900004,100004,BR,28573,28573,-15.7975,-47.8919,2026-08-18T12:00:00Z,2026-08-20T21:00:00Z,100.0,6.2,0.76
mock-model-c-900004-21,model-c,1.0,900004,100004,BR,28573,28573,-15.7975,-47.8919,2026-08-18T12:00:00Z,2026-08-20T21:00:00Z,70.2,3.1,0.76
mock-model-d-900004-21,model-d,1.0,900004,100004,BR,28573,28573,-15.7975,-47.8919,2026-08-18T12:00:00Z,2026-08-20T21:00:00Z,104.1,7.4,0.76
mock-model-a-900004-22,model-a,1.0,900004,100004,BR,28573,28573,-15.7975,-47.8919,2026-08-18T12:00:00Z,2026-08-20T22:00:00Z,83.5,4.4,0.78
mock-model-b-900004-22,model-b,1.0,900004,100004,BR,28573,28573,-15.7975,-47.8919,2026-08-18T12:00:00Z,2026-08-20T22:00:00Z,96.7,5.8,0.78
mock-model-c-900004-22,model-c,1.0,900004,100004,BR,28573,28573,-15.7975,-47.8919,2026-08-18T12:00:00Z,2026-08-20T22:00:00Z,67.5,2.9,0.78
mock-model-d-900004-22,model-d,1.0,900004,100004,BR,28573,28573,-15.7975,-47.8919,2026-08-18T12:00:00Z,2026-08-20T22:00:00Z,100.9,6.9,0.78
mock-model-a-900004-23,model-a,1.0,900004,100004,BR,28573,28573,-15.7975,-47.8919,2026-08-18T12:00:00Z,2026-08-20T23:00:00Z,79.2,4.0,0.8
mock-model-b-900004-23,model-b,1.0,900004,100004,BR,28573,28573,-15.7975,-47.8919,2026-08-18T12:00:00Z,2026-08-20T23:00:00Z,92.0,5.3,0.8
mock-model-c-900004-23,model-c,1.0,900004,100004,BR,28573,28573,-15.7975,-47.8919,2026-08-18T12:00:00Z,2026-08-20T23:00:00Z,63.7,2.6,0.8
mock-model-d-900004-23,model-d,1.0,900004,100004,BR,28573,28573,-15.7975,-47.8919,2026-08-18T12:00:00Z,2026-08-20T23:00:00Z,96.3,6.3,0.8
mock-model-a-900005-00,model-a,1.0,900005,100005,BR,18881,,-12.9714,-38.5014,2026-08-18T12:00:00Z,2026-08-20T00:00:00Z,82.6,3.6,0.82
mock-model-b-900005-00,model-b,1.0,900005,100005,BR,18881,,-12.9714,-38.5014,2026-08-18T12:00:00Z,2026-08-20T00:00:00Z,95.7,4.8,0.82
mock-model-c-900005-00,model-c,1.0,900005,100005,BR,18881,,-12.9714,-38.5014,2026-08-18T12:00:00Z,2026-08-20T00:00:00Z,66.7,2.3,0.82
mock-model-d-900005-00,model-d,1.0,900005,100005,BR,18881,,-12.9714,-38.5014,2026-08-18T12:00:00Z,2026-08-20T00:00:00Z,99.9,5.8,0.82
mock-model-a-900005-01,model-a,1.0,900005,100005,BR,18881,,-12.9714,-38.5014,2026-08-18T12:00:00Z,2026-08-20T01:00:00Z,76.8,3.0,0.84
mock-model-b-900005-01,model-b,1.0,900005,100005,BR,18881,,-12.9714,-38.5014,2026-08-18T12:00:00Z,2026-08-20T01:00:00Z,89.4,4.2,0.84
mock-model-c-900005-01,model-c,1.0,900005,100005,BR,18881,,-12.9714,-38.5014,2026-08-18T12:00:00Z,2026-08-20T01:00:00Z,61.6,1.9,0.84
mock-model-d-900005-01,model-d,1.0,900005,100005,BR,18881,,-12.9714,-38.5014,2026-08-18T12:00:00Z,2026-08-20T01:00:00Z,93.9,5.0,0.84
mock-model-a-900005-02,model-a,1.0,900005,100005,BR,18881,,-12.9714,-38.5014,2026-08-18T12:00:00Z,2026-08-20T02:00:00Z,71.0,2.5,0.86
mock-model-b-900005-02,model-b,1.0,900005,100005,BR,18881,,-12.9714,-38.5014,2026-08-18T12:00:00Z,2026-08-20T02:00:00Z,83.2,3.5,0.86
mock-model-c-900005-02,model-c,1.0,900005,100005,BR,18881,,-12.9714,-38.5014,2026-08-18T12:00:00Z,2026-08-20T02:00:00Z,56.5,1.5,0.86
mock-model-d-900005-02,model-d,1.0,900005,100005,BR,18881,,-12.9714,-38.5014,2026-08-18T12:00:00Z,2026-08-20T02:00:00Z,87.8,4.2,0.86
mock-model-a-900005-03,model-a,1.0,900005,100005,BR,18881,,-12.9714,-38.5014,2026-08-18T12:00:00Z,2026-08-20T03:00:00Z,65.7,1.9,
mock-model-b-900005-03,model-b,1.0,900005,100005,BR,18881,,-12.9714,-38.5014,2026-08-18T12:00:00Z,2026-08-20T03:00:00Z,77.4,2.8,
mock-model-c-900005-03,model-c,1.0,900005,100005,BR,18881,,-12.9714,-38.5014,2026-08-18T12:00:00Z,2026-08-20T03:00:00Z,51.8,1.2,
mock-model-d-900005-03,model-d,1.0,900005,100005,BR,18881,,-12.9714,-38.5014,2026-08-18T12:00:00Z,2026-08-20T03:00:00Z,82.3,3.5,
mock-model-a-900005-04,model-a,1.0,900005,100005,BR,18881,,-12.9714,-38.5014,2026-08-18T12:00:00Z,2026-08-20T04:00:00Z,61.3,1.5,0.9
mock-model-b-900005-04,model-b,1.0,900005,100005,BR,18881,,-12.9714,-38.5014,2026-08-18T12:00:00Z,2026-08-20T04:00:00Z,72.7,2.3,0.9
mock-model-c-900005-04,model-c,1.0,900005,100005,BR,18881,,-12.9714,-38.5014,2026-08-18T12:00:00Z,2026-08-20T04:00:00Z,47.9,0.9,0.9
mock-model-d-900005-04,model-d,1.0,900005,100005,BR,18881,,-12.9714,-38.5014,2026-08-18T12:00:00Z,2026-08-20T04:00:00Z,77.7,2.9,0.9
mock-model-a-900005-05,model-a,1.0,900005,100005,BR,18881,,-12.9714,-38.5014,2026-08-18T12:00:00Z,2026-08-20T05:00:00Z,51.7,1.2,0.92
mock-model-b-900005-05,model-b,1.0,900005,100005,BR,18881,,-12.9714,-38.5014,2026-08-18T12:00:00Z,2026-08-20T05:00:00Z,62.3,1.9,0.92
mock-model-c-900005-05,model-c,1.0,900005,100005,BR,18881,,-12.9714,-38.5014,2026-08-18T12:00:00Z,2026-08-20T05:00:00Z,39.5,0.6,0.92
mock-model-d-900005-05,model-d,1.0,900005,100005,BR,18881,,-12.9714,-38.5014,2026-08-18T12:00:00Z,2026-08-20T05:00:00Z,67.8,2.5,0.92
mock-model-a-900005-06,model-a,1.0,900005,100005,BR,18881,,-12.9714,-38.5014,2026-08-18T12:00:00Z,2026-08-20T06:00:00Z,50.2,1.0,0.93
mock-model-b-900005-06,model-b,1.0,900005,100005,BR,18881,,-12.9714,-38.5014,2026-08-18T12:00:00Z,2026-08-20T06:00:00Z,60.8,1.7,0.93
mock-model-c-900005-06,model-c,1.0,900005,100005,BR,18881,,-12.9714,-38.5014,2026-08-18T12:00:00Z,2026-08-20T06:00:00Z,38.2,0.5,0.93
mock-model-d-900005-06,model-d,1.0,900005,100005,BR,18881,,-12.9714,-38.5014,2026-08-18T12:00:00Z,2026-08-20T06:00:00Z,66.2,2.2,0.93
mock-model-a-900005-07,model-a,1.0,900005,100005,BR,18881,,-12.9714,-38.5014,2026-08-18T12:00:00Z,2026-08-20T07:00:00Z,50.6,0.6,0.93
mock-model-b-900005-07,model-b,1.0,900005,100005,BR,18881,,-12.9714,-38.5014,2026-08-18T12:00:00Z,2026-08-20T07:00:00Z,61.1,1.2,0.93
mock-model-c-900005-07,model-c,1.0,900005,100005,BR,18881,,-12.9714,-38.5014,2026-08-18T12:00:00Z,2026-08-20T07:00:00Z,38.5,0.2,0.93
mock-model-d-900005-07,model-d,1.0,900005,100005,BR,18881,,-12.9714,-38.5014,2026-08-18T12:00:00Z,2026-08-20T07:00:00Z,66.6,1.7,0.93
mock-model-a-900005-08,model-a,1.0,900005,100005,BR,18881,,-12.9714,-38.5014,2026-08-18T12:00:00Z,2026-08-20T08:00:00Z,52.8,0.7,0.93
mock-model-b-900005-08,model-b,1.0,900005,100005,BR,18881,,-12.9714,-38.5014,2026-08-18T12:00:00Z,2026-08-20T08:00:00Z,63.6,1.4,0.93
mock-model-c-900005-08,model-c,1.0,900005,100005,BR,18881,,-12.9714,-38.5014,2026-08-18T12:00:00Z,2026-08-20T08:00:00Z,40.5,0.3,0.93
mock-model-d-900005-08,model-d,1.0,900005,100005,BR,18881,,-12.9714,-38.5014,2026-08-18T12:00:00Z,2026-08-20T08:00:00Z,69.0,1.9,0.93
mock-model-a-900005-09,model-a,1.0,900005,100005,BR,18881,,-12.9714,-38.5014,2026-08-18T12:00:00Z,2026-08-20T09:00:00Z,56.9,1.0,0.92
mock-model-b-900005-09,model-b,1.0,900005,100005,BR,18881,,-12.9714,-38.5014,2026-08-18T12:00:00Z,2026-08-20T09:00:00Z,67.9,1.7,0.92
mock-model-c-900005-09,model-c,1.0,900005,100005,BR,18881,,-12.9714,-38.5014,2026-08-18T12:00:00Z,2026-08-20T09:00:00Z,44.1,0.5,0.92
mock-model-d-900005-09,model-d,1.0,900005,100005,BR,18881,,-12.9714,-38.5014,2026-08-18T12:00:00Z,2026-08-20T09:00:00Z,73.2,2.3,0.92
mock-model-a-900005-10,model-a,1.0,900005,100005,BR,18881,,-12.9714,-38.5014,2026-08-18T12:00:00Z,2026-08-20T10:00:00Z,56.1,1.5,0.9
mock-model-b-900005-10,model-b,1.0,900005,100005,BR,18881,,-12.9714,-38.5014,2026-08-18T12:00:00Z,2026-08-20T10:00:00Z,67.0,2.2,0.9
mock-model-c-900005-10,model-c,1.0,900005,100005,BR,18881,,-12.9714,-38.5014,2026-08-18T12:00:00Z,2026-08-20T10:00:00Z,43.3,0.8,0.9
mock-model-d-900005-10,model-d,1.0,900005,100005,BR,18881,,-12.9714,-38.5014,2026-08-18T12:00:00Z,2026-08-20T10:00:00Z,72.3,2.9,0.9
mock-model-a-900005-11,model-a,1.0,900005,100005,BR,18881,,-12.9714,-38.5014,2026-08-18T12:00:00Z,2026-08-20T11:00:00Z,63.0,2.0,0.89
mock-model-b-900005-11,model-b,1.0,900005,100005,BR,18881,,-12.9714,-38.5014,2026-08-18T12:00:00Z,2026-08-20T11:00:00Z,74.6,2.9,0.89
mock-model-c-900005-11,model-c,1.0,900005,100005,BR,18881,,-12.9714,-38.5014,2026-08-18T12:00:00Z,2026-08-20T11:00:00Z,49.5,1.2,0.89
mock-model-d-900005-11,model-d,1.0,900005,100005,BR,18881,,-12.9714,-38.5014,2026-08-18T12:00:00Z,2026-08-20T11:00:00Z,79.6,3.6,0.89
mock-model-a-900005-12,model-a,1.0,900005,100005,BR,18881,,-12.9714,-38.5014,2026-08-18T12:00:00Z,2026-08-20T12:00:00Z,71.0,2.6,0.86
mock-model-b-900005-12,model-b,1.0,900005,100005,BR,18881,,-12.9714,-38.5014,2026-08-18T12:00:00Z,2026-08-20T12:00:00Z,83.2,3.7,0.86
mock-model-c-900005-12,model-c,1.0,900005,100005,BR,18881,,-12.9714,-38.5014,2026-08-18T12:00:00Z,2026-08-20T12:00:00Z,56.5,1.6,0.86
mock-model-d-900005-12,model-d,1.0,900005,100005,BR,18881,,-12.9714,-38.5014,2026-08-18T12:00:00Z,2026-08-20T12:00:00Z,87.8,4.4,0.86
mock-model-a-900005-13,model-a,1.0,900005,100005,BR,18881,,-12.9714,-38.5014,2026-08-18T12:00:00Z,2026-08-20T13:00:00Z,79.4,3.3,0.84
mock-model-b-900005-13,model-b,1.0,900005,100005,BR,18881,,-12.9714,-38.5014,2026-08-18T12:00:00Z,2026-08-20T13:00:00Z,92.3,4.5,0.84
mock-model-c-900005-13,model-c,1.0,900005,100005,BR,18881,,-12.9714,-38.5014,2026-08-18T12:00:00Z,2026-08-20T13:00:00Z,63.9,2.1,0.84
mock-model-d-900005-13,model-d,1.0,900005,100005,BR,18881,,-12.9714,-38.5014,2026-08-18T12:00:00Z,2026-08-20T13:00:00Z,96.6,5.4,0.84
mock-model-a-900005-14,model-a,1.0,900005,100005,BR,18881,,-12.9714,-38.5014,2026-08-18T12:00:00Z,2026-08-20T14:00:00Z,87.8,3.6,0.82
mock-model-b-900005-14,model-b,1.0,900005,100005,BR,18881,,-12.9714,-38.5014,2026-08-18T12:00:00Z,2026-08-20T14:00:00Z,101.3,4.8,0.82
mock-model-c-900005-14,model-c,1.0,900005,100005,BR,18881,,-12.9714,-38.5014,2026-08-18T12:00:00Z,2026-08-20T14:00:00Z,71.3,2.3,0.82
mock-model-d-900005-14,model-d,1.0,900005,100005,BR,18881,,-12.9714,-38.5014,2026-08-18T12:00:00Z,2026-08-20T14:00:00Z,105.3,5.8,0.82
mock-model-a-900005-15,model-a,1.0,900005,100005,BR,18881,,-12.9714,-38.5014,2026-08-18T12:00:00Z,2026-08-20T15:00:00Z,89.2,4.2,
mock-model-b-900005-15,model-b,1.0,900005,100005,BR,18881,,-12.9714,-38.5014,2026-08-18T12:00:00Z,2026-08-20T15:00:00Z,102.9,5.6,
mock-model-c-900005-15,model-c,1.0,900005,100005,BR,18881,,-12.9714,-38.5014,2026-08-18T12:00:00Z,2026-08-20T15:00:00Z,72.5,2.8,
mock-model-d-900005-15,model-d,1.0,900005,100005,BR,18881,,-12.9714,-38.5014,2026-08-18T12:00:00Z,2026-08-20T15:00:00Z,106.8,6.6,
mock-model-a-900005-16,model-a,1.0,900005,100005,BR,18881,,-12.9714,-38.5014,2026-08-18T12:00:00Z,2026-08-20T16:00:00Z,96.2,4.8,0.78
mock-model-b-900005-16,model-b,1.0,900005,100005,BR,18881,,-12.9714,-38.5014,2026-08-18T12:00:00Z,2026-08-20T16:00:00Z,110.4,6.3,0.78
mock-model-c-900005-16,model-c,1.0,900005,100005,BR,18881,,-12.9714,-38.5014,2026-08-18T12:00:00Z,2026-08-20T16:00:00Z,78.7,3.2,0.78
mock-model-d-900005-16,model-d,1.0,900005,100005,BR,18881,,-12.9714,-38.5014,2026-08-18T12:00:00Z,2026-08-20T16:00:00Z,114.1,7.4,0.78
mock-model-a-900005-17,model-a,1.0,900005,100005,BR,18881,,-12.9714,-38.5014,2026-08-18T12:00:00Z,2026-08-20T17:00:00Z,101.9,5.2,0.76
mock-model-b-900005-17,model-b,1.0,900005,100005,BR,18881,,-12.9714,-38.5014,2026-08-18T12:00:00Z,2026-08-20T17:00:00Z,116.6,6.8,0.76
mock-model-c-900005-17,model-c,1.0,900005,100005,BR,18881,,-12.9714,-38.5014,2026-08-18T12:00:00Z,2026-08-20T17:00:00Z,83.7,3.5,0.76
mock-model-d-900005-17,model-d,1.0,900005,100005,BR,18881,,-12.9714,-38.5014,2026-08-18T12:00:00Z,2026-08-20T17:00:00Z,120.0,8.0,0.76
mock-model-a-900005-18,model-a,1.0,900005,100005,BR,18881,,-12.9714,-38.5014,2026-08-18T12:00:00Z,2026-08-20T18:00:00Z,106.0,5.5,0.75
mock-model-b-900005-18,model-b,1.0,900005,100005,BR,18881,,-12.9714,-38.5014,2026-08-18T12:00:00Z,2026-08-20T18:00:00Z,120.9,7.1,0.75
mock-model-c-900005-18,model-c,1.0,900005,100005,BR,18881,,-12.9714,-38.5014,2026-08-18T12:00:00Z,2026-08-20T18:00:00Z,87.2,3.7,0.75
mock-model-d-900005-18,model-d,1.0,900005,100005,BR,18881,,-12.9714,-38.5014,2026-08-18T12:00:00Z,2026-08-20T18:00:00Z,124.2,8.3,0.75
mock-model-a-900005-19,model-a,1.0,900005,100005,BR,18881,,-12.9714,-38.5014,2026-08-18T12:00:00Z,2026-08-20T19:00:00Z,108.2,5.6,0.75
mock-model-b-900005-19,model-b,1.0,900005,100005,BR,18881,,-12.9714,-38.5014,2026-08-18T12:00:00Z,2026-08-20T19:00:00Z,123.4,7.3,0.75
mock-model-c-900005-19,model-c,1.0,900005,100005,BR,18881,,-12.9714,-38.5014,2026-08-18T12:00:00Z,2026-08-20T19:00:00Z,89.2,3.8,0.75
mock-model-d-900005-19,model-d,1.0,900005,100005,BR,18881,,-12.9714,-38.5014,2026-08-18T12:00:00Z,2026-08-20T19:00:00Z,126.5,8.5,0.75
mock-model-a-900005-20,model-a,1.0,900005,100005,BR,18881,,-12.9714,-38.5014,2026-08-18T12:00:00Z,2026-08-20T20:00:00Z,102.1,5.6,0.75
mock-model-b-900005-20,model-b,1.0,900005,100005,BR,18881,,-12.9714,-38.5014,2026-08-18T12:00:00Z,2026-08-20T20:00:00Z,116.7,7.2,0.75
mock-model-c-900005-20,model-c,1.0,900005,100005,BR,18881,,-12.9714,-38.5014,2026-08-18T12:00:00Z,2026-08-20T20:00:00Z,83.8,3.7,0.75
mock-model-d-900005-20,model-d,1.0,900005,100005,BR,18881,,-12.9714,-38.5014,2026-08-18T12:00:00Z,2026-08-20T20:00:00Z,120.1,8.5,0.75
mock-model-a-900005-21,model-a,1.0,900005,100005,BR,18881,,-12.9714,-38.5014,2026-08-18T12:00:00Z,2026-08-20T21:00:00Z,100.6,5.1,0.76
mock-model-b-900005-21,model-b,1.0,900005,100005,BR,18881,,-12.9714,-38.5014,2026-08-18T12:00:00Z,2026-08-20T21:00:00Z,115.2,6.6,0.76
mock-model-c-900005-21,model-c,1.0,900005,100005,BR,18881,,-12.9714,-38.5014,2026-08-18T12:00:00Z,2026-08-20T21:00:00Z,82.5,3.4,0.76
mock-model-d-900005-21,model-d,1.0,900005,100005,BR,18881,,-12.9714,-38.5014,2026-08-18T12:00:00Z,2026-08-20T21:00:00Z,118.6,7.8,0.76
mock-model-a-900005-22,model-a,1.0,900005,100005,BR,18881,,-12.9714,-38.5014,2026-08-18T12:00:00Z,2026-08-20T22:00:00Z,97.5,4.7,0.78
mock-model-b-900005-22,model-b,1.0,900005,100005,BR,18881,,-12.9714,-38.5014,2026-08-18T12:00:00Z,2026-08-20T22:00:00Z,111.8,6.2,0.78
mock-model-c-900005-22,model-c,1.0,900005,100005,BR,18881,,-12.9714,-38.5014,2026-08-18T12:00:00Z,2026-08-20T22:00:00Z,79.8,3.1,0.78
mock-model-d-900005-22,model-d,1.0,900005,100005,BR,18881,,-12.9714,-38.5014,2026-08-18T12:00:00Z,2026-08-20T22:00:00Z,115.4,7.3,0.78
mock-model-a-900005-23,model-a,1.0,900005,100005,BR,18881,,-12.9714,-38.5014,2026-08-18T12:00:00Z,2026-08-20T23:00:00Z,93.2,4.3,0.8
mock-model-b-900005-23,model-b,1.0,900005,100005,BR,18881,,-12.9714,-38.5014,2026-08-18T12:00:00Z,2026-08-20T23:00:00Z,107.1,5.7,0.8
mock-model-c-900005-23,model-c,1.0,900005,100005,BR,18881,,-12.9714,-38.5014,2026-08-18T12:00:00Z,2026-08-20T23:00:00Z,76.0,2.8,0.8
mock-model-d-900005-23,model-d,1.0,900005,100005,BR,18881,,-12.9714,-38.5014,2026-08-18T12:00:00Z,2026-08-20T23:00:00Z,110.9,6.7,0.8
mock-model-a-900006-00,model-a,1.0,900006,100006,BR,18881,18881,-8.0476,-34.877,2026-08-18T12:00:00Z,2026-08-20T00:00:00Z,86.6,3.7,0.82
mock-model-b-900006-00,model-b,1.0,900006,100006,BR,18881,18881,-8.0476,-34.877,2026-08-18T12:00:00Z,2026-08-20T00:00:00Z,100.0,5.0,0.82
mock-model-c-900006-00,model-c,1.0,900006,100006,BR,18881,18881,-8.0476,-34.877,2026-08-18T12:00:00Z,2026-08-20T00:00:00Z,70.2,2.4,0.82
mock-model-d-900006-00,model-d,1.0,900006,100006,BR,18881,18881,-8.0476,-34.877,2026-08-18T12:00:00Z,2026-08-20T00:00:00Z,104.1,5.9,0.82
mock-model-a-900006-01,model-a,1.0,900006,100006,BR,18881,18881,-8.0476,-34.877,2026-08-18T12:00:00Z,2026-08-20T01:00:00Z,80.8,3.1,0.84
mock-model-b-900006-01,model-b,1.0,900006,100006,BR,18881,18881,-8.0476,-34.877,2026-08-18T12:00:00Z,2026-08-20T01:00:00Z,93.8,4.3,0.84
mock-model-c-900006-01,model-c,1.0,900006,100006,BR,18881,18881,-8.0476,-34.877,2026-08-18T12:00:00Z,2026-08-20T01:00:00Z,65.1,2.0,0.84
mock-model-d-900006-01,model-d,1.0,900006,100006,BR,18881,18881,-8.0476,-34.877,2026-08-18T12:00:00Z,2026-08-20T01:00:00Z,98.0,5.2,0.84
mock-model-a-900006-02,model-a,1.0,900006,100006,BR,18881,18881,-8.0476,-34.877,2026-08-18T12:00:00Z,2026-08-20T02:00:00Z,75.0,2.6,0.86
mock-model-b-900006-02,model-b,1.0,900006,100006,BR,18881,18881,-8.0476,-34.877,2026-08-18T12:00:00Z,2026-08-20T02:00:00Z,87.5,3.6,0.86
mock-model-c-900006-02,model-c,1.0,900006,100006,BR,18881,18881,-8.0476,-34.877,2026-08-18T12:00:00Z,2026-08-20T02:00:00Z,60.0,1.6,0.86
mock-model-d-900006-02,model-d,1.0,900006,100006,BR,18881,18881,-8.0476,-34.877,2026-08-18T12:00:00Z,2026-08-20T02:00:00Z,92.0,4.4,0.86
mock-model-a-900006-03,model-a,1.0,900006,100006,BR,18881,18881,-8.0476,-34.877,2026-08-18T12:00:00Z,2026-08-20T03:00:00Z,69.7,2.0,
mock-model-b-900006-03,model-b,1.0,900006,100006,BR,18881,18881,-8.0476,-34.877,2026-08-18T12:00:00Z,2026-08-20T03:00:00Z,81.7,3.0,
mock-model-c-900006-03,model-c,1.0,900006,100006,BR,18881,18881,-8.0476,-34.877,2026-08-18T12:00:00Z,2026-08-20T03:00:00Z,55.3,1.2,
mock-model-d-900006-03,model-d,1.0,900006,100006,BR,18881,18881,-8.0476,-34.877,2026-08-18T12:00:00Z,2026-08-20T03:00:00Z,86.4,3.7,
mock-model-a-900006-04,model-a,1.0,900006,100006,BR,18881,18881,-8.0476,-34.877,2026-08-18T12:00:00Z,2026-08-20T04:00:00Z,65.3,1.6,0.9
mock-model-b-900006-04,model-b,1.0,900006,100006,BR,18881,18881,-8.0476,-34.877,2026-08-18T12:00:00Z,2026-08-20T04:00:00Z,77.0,2.4,0.9
mock-model-c-900006-04,model-c,1.0,900006,100006,BR,18881,18881,-8.0476,-34.877,2026-08-18T12:00:00Z,2026-08-20T04:00:00Z,51.4,0.9,0.9
mock-model-d-900006-04,model-d,1.0,900006,100006,BR,18881,18881,-8.0476,-34.877,2026-08-18T12:00:00Z,2026-08-20T04:00:00Z,81.9,3.1,0.9
mock-model-a-900006-05,model-a,1.0,900006,100006,BR,18881,18881,-8.0476,-34.877,2026-08-18T12:00:00Z,2026-08-20T05:00:00Z,55.7,1.3,0.92
mock-model-b-900006-05,model-b,1.0,900006,100006,BR,18881,18881,-8.0476,-34.877,2026-08-18T12:00:00Z,2026-08-20T05:00:00Z,66.6,2.0,0.92
mock-model-c-900006-05,model-c,1.0,900006,100006,BR,18881,18881,-8.0476,-34.877,2026-08-18T12:00:00Z,2026-08-20T05:00:00Z,43.0,0.7,0.92
mock-model-d-900006-05,model-d,1.0,900006,100006,BR,18881,18881,-8.0476,-34.877,2026-08-18T12:00:00Z,2026-08-20T05:00:00Z,71.9,2.6,0.92
mock-model-a-900006-06,model-a,1.0,900006,100006,BR,18881,18881,-8.0476,-34.877,2026-08-18T12:00:00Z,2026-08-20T06:00:00Z,54.2,1.1,0.93
mock-model-b-900006-06,model-b,1.0,900006,100006,BR,18881,18881,-8.0476,-34.877,2026-08-18T12:00:00Z,2026-08-20T06:00:00Z,65.1,1.8,0.93
mock-model-c-900006-06,model-c,1.0,900006,100006,BR,18881,18881,-8.0476,-34.877,2026-08-18T12:00:00Z,2026-08-20T06:00:00Z,41.7,0.6,0.93
mock-model-d-900006-06,model-d,1.0,900006,100006,BR,18881,18881,-8.0476,-34.877,2026-08-18T12:00:00Z,2026-08-20T06:00:00Z,70.4,2.4,0.93
mock-model-a-900006-07,model-a,1.0,900006,100006,BR,18881,18881,-8.0476,-34.877,2026-08-18T12:00:00Z,2026-08-20T07:00:00Z,54.6,0.7,0.93
mock-model-b-900006-07,model-b,1.0,900006,100006,BR,18881,18881,-8.0476,-34.877,2026-08-18T12:00:00Z,2026-08-20T07:00:00Z,65.5,1.3,0.93
mock-model-c-900006-07,model-c,1.0,900006,100006,BR,18881,18881,-8.0476,-34.877,2026-08-18T12:00:00Z,2026-08-20T07:00:00Z,42.0,0.3,0.93
mock-model-d-900006-07,model-d,1.0,900006,100006,BR,18881,18881,-8.0476,-34.877,2026-08-18T12:00:00Z,2026-08-20T07:00:00Z,70.8,1.8,0.93
mock-model-a-900006-08,model-a,1.0,900006,100006,BR,18881,18881,-8.0476,-34.877,2026-08-18T12:00:00Z,2026-08-20T08:00:00Z,56.8,0.8,0.93
mock-model-b-900006-08,model-b,1.0,900006,100006,BR,18881,18881,-8.0476,-34.877,2026-08-18T12:00:00Z,2026-08-20T08:00:00Z,67.9,1.5,0.93
mock-model-c-900006-08,model-c,1.0,900006,100006,BR,18881,18881,-8.0476,-34.877,2026-08-18T12:00:00Z,2026-08-20T08:00:00Z,44.0,0.4,0.93
mock-model-d-900006-08,model-d,1.0,900006,100006,BR,18881,18881,-8.0476,-34.877,2026-08-18T12:00:00Z,2026-08-20T08:00:00Z,73.1,2.0,0.93
mock-model-a-900006-09,model-a,1.0,900006,100006,BR,18881,18881,-8.0476,-34.877,2026-08-18T12:00:00Z,2026-08-20T09:00:00Z,60.9,1.1,0.92
mock-model-b-900006-09,model-b,1.0,900006,100006,BR,18881,18881,-8.0476,-34.877,2026-08-18T12:00:00Z,2026-08-20T09:00:00Z,72.3,1.8,0.92
mock-model-c-900006-09,model-c,1.0,900006,100006,BR,18881,18881,-8.0476,-34.877,2026-08-18T12:00:00Z,2026-08-20T09:00:00Z,47.6,0.6,0.92
mock-model-d-900006-09,model-d,1.0,900006,100006,BR,18881,18881,-8.0476,-34.877,2026-08-18T12:00:00Z,2026-08-20T09:00:00Z,77.3,2.4,0.92
mock-model-a-900006-10,model-a,1.0,900006,100006,BR,18881,18881,-8.0476,-34.877,2026-08-18T12:00:00Z,2026-08-20T10:00:00Z,60.1,1.6,0.9
mock-model-b-900006-10,model-b,1.0,900006,100006,BR,18881,18881,-8.0476,-34.877,2026-08-18T12:00:00Z,2026-08-20T10:00:00Z,71.4,2.4,0.9
mock-model-c-900006-10,model-c,1.0,900006,100006,BR,18881,18881,-8.0476,-34.877,2026-08-18T12:00:00Z,2026-08-20T10:00:00Z,46.8,0.9,0.9
mock-model-d-900006-10,model-d,1.0,900006,100006,BR,18881,18881,-8.0476,-34.877,2026-08-18T12:00:00Z,2026-08-20T10:00:00Z,76.5,3.0,0.9
mock-model-a-900006-11,model-a,1.0,900006,100006,BR,18881,18881,-8.0476,-34.877,2026-08-18T12:00:00Z,2026-08-20T11:00:00Z,67.0,2.1,0.89
mock-model-b-900006-11,model-b,1.0,900006,100006,BR,18881,18881,-8.0476,-34.877,2026-08-18T12:00:00Z,2026-08-20T11:00:00Z,78.9,3.0,0.89
mock-model-c-900006-11,model-c,1.0,900006,100006,BR,18881,18881,-8.0476,-34.877,2026-08-18T12:00:00Z,2026-08-20T11:00:00Z,53.0,1.3,0.89
mock-model-d-900006-11,model-d,1.0,900006,100006,BR,18881,18881,-8.0476,-34.877,2026-08-18T12:00:00Z,2026-08-20T11:00:00Z,83.7,3.7,0.89
mock-model-a-900006-12,model-a,1.0,900006,100006,BR,18881,18881,-8.0476,-34.877,2026-08-18T12:00:00Z,2026-08-20T12:00:00Z,75.0,2.7,0.86
mock-model-b-900006-12,model-b,1.0,900006,100006,BR,18881,18881,-8.0476,-34.877,2026-08-18T12:00:00Z,2026-08-20T12:00:00Z,87.5,3.8,0.86
mock-model-c-900006-12,model-c,1.0,900006,100006,BR,18881,18881,-8.0476,-34.877,2026-08-18T12:00:00Z,2026-08-20T12:00:00Z,60.0,1.7,0.86
mock-model-d-900006-12,model-d,1.0,900006,100006,BR,18881,18881,-8.0476,-34.877,2026-08-18T12:00:00Z,2026-08-20T12:00:00Z,92.0,4.6,0.86
mock-model-a-900006-13,model-a,1.0,900006,100006,BR,18881,18881,-8.0476,-34.877,2026-08-18T12:00:00Z,2026-08-20T13:00:00Z,83.4,3.4,0.84
mock-model-b-900006-13,model-b,1.0,900006,100006,BR,18881,18881,-8.0476,-34.877,2026-08-18T12:00:00Z,2026-08-20T13:00:00Z,96.6,4.6,0.84
mock-model-c-900006-13,model-c,1.0,900006,100006,BR,18881,18881,-8.0476,-34.877,2026-08-18T12:00:00Z,2026-08-20T13:00:00Z,67.4,2.2,0.84
mock-model-d-900006-13,model-d,1.0,900006,100006,BR,18881,18881,-8.0476,-34.877,2026-08-18T12:00:00Z,2026-08-20T13:00:00Z,100.7,5.5,0.84
mock-model-a-900006-14,model-a,1.0,900006,100006,BR,18881,18881,-8.0476,-34.877,2026-08-18T12:00:00Z,2026-08-20T14:00:00Z,91.8,3.7,0.82
mock-model-b-900006-14,model-b,1.0,900006,100006,BR,18881,18881,-8.0476,-34.877,2026-08-18T12:00:00Z,2026-08-20T14:00:00Z,105.7,5.0,0.82
mock-model-c-900006-14,model-c,1.0,900006,100006,BR,18881,18881,-8.0476,-34.877,2026-08-18T12:00:00Z,2026-08-20T14:00:00Z,74.8,2.4,0.82
mock-model-d-900006-14,model-d,1.0,900006,100006,BR,18881,18881,-8.0476,-34.877,2026-08-18T12:00:00Z,2026-08-20T14:00:00Z,109.5,5.9,0.82
mock-model-a-900006-15,model-a,1.0,900006,100006,BR,18881,18881,-8.0476,-34.877,2026-08-18T12:00:00Z,2026-08-20T15:00:00Z,93.2,4.3,
mock-model-b-900006-15,model-b,1.0,900006,100006,BR,18881,18881,-8.0476,-34.877,2026-08-18T12:00:00Z,2026-08-20T15:00:00Z,107.2,5.7,
mock-model-c-900006-15,model-c,1.0,900006,100006,BR,18881,18881,-8.0476,-34.877,2026-08-18T12:00:00Z,2026-08-20T15:00:00Z,76.1,2.8,
mock-model-d-900006-15,model-d,1.0,900006,100006,BR,18881,18881,-8.0476,-34.877,2026-08-18T12:00:00Z,2026-08-20T15:00:00Z,111.0,6.8,
mock-model-a-900006-16,model-a,1.0,900006,100006,BR,18881,18881,-8.0476,-34.877,2026-08-18T12:00:00Z,2026-08-20T16:00:00Z,100.2,4.9,0.78
mock-model-b-900006-16,model-b,1.0,900006,100006,BR,18881,18881,-8.0476,-34.877,2026-08-18T12:00:00Z,2026-08-20T16:00:00Z,114.8,6.4,0.78
mock-model-c-900006-16,model-c,1.0,900006,100006,BR,18881,18881,-8.0476,-34.877,2026-08-18T12:00:00Z,2026-08-20T16:00:00Z,82.2,3.2,0.78
mock-model-d-900006-16,model-d,1.0,900006,100006,BR,18881,18881,-8.0476,-34.877,2026-08-18T12:00:00Z,2026-08-20T16:00:00Z,118.3,7.5,0.78
mock-model-a-900006-17,model-a,1.0,900006,100006,BR,18881,18881,-8.0476,-34.877,2026-08-18T12:00:00Z,2026-08-20T17:00:00Z,105.9,5.3,0.76
mock-model-b-900006-17,model-b,1.0,900006,100006,BR,18881,18881,-8.0476,-34.877,2026-08-18T12:00:00Z,2026-08-20T17:00:00Z,120.9,6.9,0.76
mock-model-c-900006-17,model-c,1.0,900006,100006,BR,18881,18881,-8.0476,-34.877,2026-08-18T12:00:00Z,2026-08-20T17:00:00Z,87.2,3.5,0.76
mock-model-d-900006-17,model-d,1.0,900006,100006,BR,18881,18881,-8.0476,-34.877,2026-08-18T12:00:00Z,2026-08-20T17:00:00Z,124.2,8.1,0.76
mock-model-a-900006-18,model-a,1.0,900006,100006,BR,18881,18881,-8.0476,-34.877,2026-08-18T12:00:00Z,2026-08-20T18:00:00Z,110.0,5.6,0.75
mock-model-b-900006-18,model-b,1.0,900006,100006,BR,18881,18881,-8.0476,-34.877,2026-08-18T12:00:00Z,2026-08-20T18:00:00Z,125.3,7.2,0.75
mock-model-c-900006-18,model-c,1.0,900006,100006,BR,18881,18881,-8.0476,-34.877,2026-08-18T12:00:00Z,2026-08-20T18:00:00Z,90.8,3.7,0.75
mock-model-d-900006-18,model-d,1.0,900006,100006,BR,18881,18881,-8.0476,-34.877,2026-08-18T12:00:00Z,2026-08-20T18:00:00Z,128.4,8.5,0.75
mock-model-a-900006-19,model-a,1.0,900006,100006,BR,18881,18881,-8.0476,-34.877,2026-08-18T12:00:00Z,2026-08-20T19:00:00Z,112.2,5.8,0.75
mock-model-b-900006-19,model-b,1.0,900006,100006,BR,18881,18881,-8.0476,-34.877,2026-08-18T12:00:00Z,2026-08-20T19:00:00Z,127.7,7.4,0.75
mock-model-c-900006-19,model-c,1.0,900006,100006,BR,18881,18881,-8.0476,-34.877,2026-08-18T12:00:00Z,2026-08-20T19:00:00Z,92.7,3.8,0.75
mock-model-d-900006-19,model-d,1.0,900006,100006,BR,18881,18881,-8.0476,-34.877,2026-08-18T12:00:00Z,2026-08-20T19:00:00Z,130.7,8.7,0.75
mock-model-a-900006-20,model-a,1.0,900006,100006,BR,18881,18881,-8.0476,-34.877,2026-08-18T12:00:00Z,2026-08-20T20:00:00Z,106.1,5.7,0.75
mock-model-b-900006-20,model-b,1.0,900006,100006,BR,18881,18881,-8.0476,-34.877,2026-08-18T12:00:00Z,2026-08-20T20:00:00Z,121.0,7.4,0.75
mock-model-c-900006-20,model-c,1.0,900006,100006,BR,18881,18881,-8.0476,-34.877,2026-08-18T12:00:00Z,2026-08-20T20:00:00Z,87.3,3.8,0.75
mock-model-d-900006-20,model-d,1.0,900006,100006,BR,18881,18881,-8.0476,-34.877,2026-08-18T12:00:00Z,2026-08-20T20:00:00Z,124.3,8.6,0.75
mock-model-a-900006-21,model-a,1.0,900006,100006,BR,18881,18881,-8.0476,-34.877,2026-08-18T12:00:00Z,2026-08-20T21:00:00Z,104.6,5.2,0.76
mock-model-b-900006-21,model-b,1.0,900006,100006,BR,18881,18881,-8.0476,-34.877,2026-08-18T12:00:00Z,2026-08-20T21:00:00Z,119.5,6.7,0.76
mock-model-c-900006-21,model-c,1.0,900006,100006,BR,18881,18881,-8.0476,-34.877,2026-08-18T12:00:00Z,2026-08-20T21:00:00Z,86.1,3.4,0.76
mock-model-d-900006-21,model-d,1.0,900006,100006,BR,18881,18881,-8.0476,-34.877,2026-08-18T12:00:00Z,2026-08-20T21:00:00Z,122.8,7.9,0.76
mock-model-a-900006-22,model-a,1.0,900006,100006,BR,18881,18881,-8.0476,-34.877,2026-08-18T12:00:00Z,2026-08-20T22:00:00Z,101.5,4.8,0.78
mock-model-b-900006-22,model-b,1.0,900006,100006,BR,18881,18881,-8.0476,-34.877,2026-08-18T12:00:00Z,2026-08-20T22:00:00Z,116.2,6.3,0.78
mock-model-c-900006-22,model-c,1.0,900006,100006,BR,18881,18881,-8.0476,-34.877,2026-08-18T12:00:00Z,2026-08-20T22:00:00Z,83.4,3.2,0.78
mock-model-d-900006-22,model-d,1.0,900006,100006,BR,18881,18881,-8.0476,-34.877,2026-08-18T12:00:00Z,2026-08-20T22:00:00Z,119.6,7.4,0.78
mock-model-a-900006-23,model-a,1.0,900006,100006,BR,18881,18881,-8.0476,-34.877,2026-08-18T12:00:00Z,2026-08-20T23:00:00Z,97.2,4.4,0.8
mock-model-b-900006-23,model-b,1.0,900006,100006,BR,18881,18881,-8.0476,-34.877,2026-08-18T12:00:00Z,2026-08-20T23:00:00Z,111.4,5.8,0.8
mock-model-c-900006-23,model-c,1.0,900006,100006,BR,18881,18881,-8.0476,-34.877,2026-08-18T12:00:00Z,2026-08-20T23:00:00Z,79.5,2.9,0.8
mock-model-d-900006-23,model-d,1.0,900006,100006,BR,18881,18881,-8.0476,-34.877,2026-08-18T12:00:00Z,2026-08-20T23:00:00Z,115.0,6.8,0.8
mock-model-a-900007-00,model-a,1.0,900007,100007,BR,10429,,-3.7172,-38.5434,2026-08-18T12:00:00Z,2026-08-20T00:00:00Z,89.6,3.8,0.82
mock-model-b-900007-00,model-b,1.0,900007,100007,BR,10429,,-3.7172,-38.5434,2026-08-18T12:00:00Z,2026-08-20T00:00:00Z,103.3,5.1,0.82
mock-model-c-900007-00,model-c,1.0,900007,100007,BR,10429,,-3.7172,-38.5434,2026-08-18T12:00:00Z,2026-08-20T00:00:00Z,72.9,2.5,0.82
mock-model-d-900007-00,model-d,1.0,900007,100007,BR,10429,,-3.7172,-38.5434,2026-08-18T12:00:00Z,2026-08-20T00:00:00Z,107.2,6.1,0.82
mock-model-a-900007-01,model-a,1.0,900007,100007,BR,10429,,-3.7172,-38.5434,2026-08-18T12:00:00Z,2026-08-20T01:00:00Z,83.8,3.2,0.84
mock-model-b-900007-01,model-b,1.0,900007,100007,BR,10429,,-3.7172,-38.5434,2026-08-18T12:00:00Z,2026-08-20T01:00:00Z,97.0,4.4,0.84
mock-model-c-900007-01,model-c,1.0,900007,100007,BR,10429,,-3.7172,-38.5434,2026-08-18T12:00:00Z,2026-08-20T01:00:00Z,67.7,2.1,0.84
mock-model-d-900007-01,model-d,1.0,900007,100007,BR,10429,,-3.7172,-38.5434,2026-08-18T12:00:00Z,2026-08-20T01:00:00Z,101.2,5.3,0.84
mock-model-a-900007-02,model-a,1.0,900007,100007,BR,10429,,-3.7172,-38.5434,2026-08-18T12:00:00Z,2026-08-20T02:00:00Z,78.0,2.7,0.86
mock-model-b-900007-02,model-b,1.0,900007,100007,BR,10429,,-3.7172,-38.5434,2026-08-18T12:00:00Z,2026-08-20T02:00:00Z,90.7,3.7,0.86
mock-model-c-900007-02,model-c,1.0,900007,100007,BR,10429,,-3.7172,-38.5434,2026-08-18T12:00:00Z,2026-08-20T02:00:00Z,62.6,1.7,0.86
mock-model-d-900007-02,model-d,1.0,900007,100007,BR,10429,,-3.7172,-38.5434,2026-08-18T12:00:00Z,2026-08-20T02:00:00Z,95.1,4.5,0.86
mock-model-a-900007-03,model-a,1.0,900007,100007,BR,10429,,-3.7172,-38.5434,2026-08-18T12:00:00Z,2026-08-20T03:00:00Z,72.7,2.1,
mock-model-b-900007-03,model-b,1.0,900007,100007,BR,10429,,-3.7172,-38.5434,2026-08-18T12:00:00Z,2026-08-20T03:00:00Z,85.0,3.1,
mock-model-c-900007-03,model-c,1.0,900007,100007,BR,10429,,-3.7172,-38.5434,2026-08-18T12:00:00Z,2026-08-20T03:00:00Z,57.9,1.3,
mock-model-d-900007-03,model-d,1.0,900007,100007,BR,10429,,-3.7172,-38.5434,2026-08-18T12:00:00Z,2026-08-20T03:00:00Z,89.6,3.8,
mock-model-a-900007-04,model-a,1.0,900007,100007,BR,10429,,-3.7172,-38.5434,2026-08-18T12:00:00Z,2026-08-20T04:00:00Z,68.3,1.7,0.9
mock-model-b-900007-04,model-b,1.0,900007,100007,BR,10429,,-3.7172,-38.5434,2026-08-18T12:00:00Z,2026-08-20T04:00:00Z,80.2,2.5,0.9
mock-model-c-900007-04,model-c,1.0,900007,100007,BR,10429,,-3.7172,-38.5434,2026-08-18T12:00:00Z,2026-08-20T04:00:00Z,54.1,1.0,0.9
mock-model-d-900007-04,model-d,1.0,900007,100007,BR,10429,,-3.7172,-38.5434,2026-08-18T12:00:00Z,2026-08-20T04:00:00Z,85.0,3.2,0.9
mock-model-a-900007-05,model-a,1.0,900007,100007,BR,10429,,-3.7172,-38.5434,2026-08-18T12:00:00Z,2026-08-20T05:00:00Z,58.7,1.4,0.92
mock-model-b-900007-05,model-b,1.0,900007,100007,BR,10429,,-3.7172,-38.5434,2026-08-18T12:00:00Z,2026-08-20T05:00:00Z,69.9,2.1,0.92
mock-model-c-900007-05,model-c,1.0,900007,100007,BR,10429,,-3.7172,-38.5434,2026-08-18T12:00:00Z,2026-08-20T05:00:00Z,45.6,0.8,0.92
mock-model-d-900007-05,model-d,1.0,900007,100007,BR,10429,,-3.7172,-38.5434,2026-08-18T12:00:00Z,2026-08-20T05:00:00Z,75.0,2.8,0.92
mock-model-a-900007-06,model-a,1.0,900007,100007,BR,10429,,-3.7172,-38.5434,2026-08-18T12:00:00Z,2026-08-20T06:00:00Z,57.2,1.2,0.93
mock-model-b-900007-06,model-b,1.0,900007,100007,BR,10429,,-3.7172,-38.5434,2026-08-18T12:00:00Z,2026-08-20T06:00:00Z,68.3,1.9,0.93
mock-model-c-900007-06,model-c,1.0,900007,100007,BR,10429,,-3.7172,-38.5434,2026-08-18T12:00:00Z,2026-08-20T06:00:00Z,44.4,0.6,0.93
mock-model-d-900007-06,model-d,1.0,900007,100007,BR,10429,,-3.7172,-38.5434,2026-08-18T12:00:00Z,2026-08-20T06:00:00Z,73.5,2.5,0.93
mock-model-a-900007-07,model-a,1.0,900007,100007,BR,10429,,-3.7172,-38.5434,2026-08-18T12:00:00Z,2026-08-20T07:00:00Z,57.6,0.8,0.93
mock-model-b-900007-07,model-b,1.0,900007,100007,BR,10429,,-3.7172,-38.5434,2026-08-18T12:00:00Z,2026-08-20T07:00:00Z,68.7,1.5,0.93
mock-model-c-900007-07,model-c,1.0,900007,100007,BR,10429,,-3.7172,-38.5434,2026-08-18T12:00:00Z,2026-08-20T07:00:00Z,44.7,0.4,0.93
mock-model-d-900007-07,model-d,1.0,900007,100007,BR,10429,,-3.7172,-38.5434,2026-08-18T12:00:00Z,2026-08-20T07:00:00Z,73.9,2.0,0.93
mock-model-a-900007-08,model-a,1.0,900007,100007,BR,10429,,-3.7172,-38.5434,2026-08-18T12:00:00Z,2026-08-20T08:00:00Z,59.8,0.9,0.93
mock-model-b-900007-08,model-b,1.0,900007,100007,BR,10429,,-3.7172,-38.5434,2026-08-18T12:00:00Z,2026-08-20T08:00:00Z,71.1,1.6,0.93
mock-model-c-900007-08,model-c,1.0,900007,100007,BR,10429,,-3.7172,-38.5434,2026-08-18T12:00:00Z,2026-08-20T08:00:00Z,46.7,0.5,0.93
mock-model-d-900007-08,model-d,1.0,900007,100007,BR,10429,,-3.7172,-38.5434,2026-08-18T12:00:00Z,2026-08-20T08:00:00Z,76.2,2.2,0.93
mock-model-a-900007-09,model-a,1.0,900007,100007,BR,10429,,-3.7172,-38.5434,2026-08-18T12:00:00Z,2026-08-20T09:00:00Z,63.9,1.2,0.92
mock-model-b-900007-09,model-b,1.0,900007,100007,BR,10429,,-3.7172,-38.5434,2026-08-18T12:00:00Z,2026-08-20T09:00:00Z,75.5,2.0,0.92
mock-model-c-900007-09,model-c,1.0,900007,100007,BR,10429,,-3.7172,-38.5434,2026-08-18T12:00:00Z,2026-08-20T09:00:00Z,50.2,0.7,0.92
mock-model-d-900007-09,model-d,1.0,900007,100007,BR,10429,,-3.7172,-38.5434,2026-08-18T12:00:00Z,2026-08-20T09:00:00Z,80.4,2.5,0.92
mock-model-a-900007-10,model-a,1.0,900007,100007,BR,10429,,-3.7172,-38.5434,2026-08-18T12:00:00Z,2026-08-20T10:00:00Z,63.1,1.7,0.9
mock-model-b-900007-10,model-b,1.0,900007,100007,BR,10429,,-3.7172,-38.5434,2026-08-18T12:00:00Z,2026-08-20T10:00:00Z,74.6,2.5,0.9
mock-model-c-900007-10,model-c,1.0,900007,100007,BR,10429,,-3.7172,-38.5434,2026-08-18T12:00:00Z,2026-08-20T10:00:00Z,49.5,1.0,0.9
mock-model-d-900007-10,model-d,1.0,900007,100007,BR,10429,,-3.7172,-38.5434,2026-08-18T12:00:00Z,2026-08-20T10:00:00Z,79.6,3.1,0.9
mock-model-a-900007-11,model-a,1.0,900007,100007,BR,10429,,-3.7172,-38.5434,2026-08-18T12:00:00Z,2026-08-20T11:00:00Z,70.0,2.2,
mock-model-b-900007-11,model-b,1.0,900007,100007,BR,10429,,-3.7172,-38.5434,2026-08-18T12:00:00Z,2026-08-20T11:00:00Z,82.2,3.1,
mock-model-c-900007-11,model-c,1.0,900007,100007,BR,10429,,-3.7172,-38.5434,2026-08-18T12:00:00Z,2026-08-20T11:00:00Z,55.6,1.3,
mock-model-d-900007-11,model-d,1.0,900007,100007,BR,10429,,-3.7172,-38.5434,2026-08-18T12:00:00Z,2026-08-20T11:00:00Z,86.9,3.9,
mock-model-a-900007-12,model-a,1.0,900007,100007,BR,10429,,-3.7172,-38.5434,2026-08-18T12:00:00Z,2026-08-20T12:00:00Z,78.0,2.8,0.86
mock-model-b-900007-12,model-b,1.0,900007,100007,BR,10429,,-3.7172,-38.5434,2026-08-18T12:00:00Z,2026-08-20T12:00:00Z,90.7,3.9,0.86
mock-model-c-900007-12,model-c,1.0,900007,100007,BR,10429,,-3.7172,-38.5434,2026-08-18T12:00:00Z,2026-08-20T12:00:00Z,62.6,1.8,0.86
mock-model-d-900007-12,model-d,1.0,900007,100007,BR,10429,,-3.7172,-38.5434,2026-08-18T12:00:00Z,2026-08-20T12:00:00Z,95.1,4.7,0.86
mock-model-a-900007-13,model-a,1.0,900007,100007,BR,10429,,-3.7172,-38.5434,2026-08-18T12:00:00Z,2026-08-20T13:00:00Z,86.4,3.5,0.84
mock-model-b-900007-13,model-b,1.0,900007,100007,BR,10429,,-3.7172,-38.5434,2026-08-18T12:00:00Z,2026-08-20T13:00:00Z,99.8,4.7,0.84
mock-model-c-900007-13,model-c,1.0,900007,100007,BR,10429,,-3.7172,-38.5434,2026-08-18T12:00:00Z,2026-08-20T13:00:00Z,70.0,2.2,0.84
mock-model-d-900007-13,model-d,1.0,900007,100007,BR,10429,,-3.7172,-38.5434,2026-08-18T12:00:00Z,2026-08-20T13:00:00Z,103.9,5.6,0.84
mock-model-a-900007-14,model-a,1.0,900007,100007,BR,10429,,-3.7172,-38.5434,2026-08-18T12:00:00Z,2026-08-20T14:00:00Z,94.8,3.8,0.82
mock-model-b-900007-14,model-b,1.0,900007,100007,BR,10429,,-3.7172,-38.5434,2026-08-18T12:00:00Z,2026-08-20T14:00:00Z,108.9,5.1,0.82
mock-model-c-900007-14,model-c,1.0,900007,100007,BR,10429,,-3.7172,-38.5434,2026-08-18T12:00:00Z,2026-08-20T14:00:00Z,77.4,2.5,0.82
mock-model-d-900007-14,model-d,1.0,900007,100007,BR,10429,,-3.7172,-38.5434,2026-08-18T12:00:00Z,2026-08-20T14:00:00Z,112.6,6.1,0.82
mock-model-a-900007-15,model-a,1.0,900007,100007,BR,10429,,-3.7172,-38.5434,2026-08-18T12:00:00Z,2026-08-20T15:00:00Z,96.2,4.4,
mock-model-b-900007-15,model-b,1.0,900007,100007,BR,10429,,-3.7172,-38.5434,2026-08-18T12:00:00Z,2026-08-20T15:00:00Z,110.5,5.8,
mock-model-c-900007-15,model-c,1.0,900007,100007,BR,10429,,-3.7172,-38.5434,2026-08-18T12:00:00Z,2026-08-20T15:00:00Z,78.7,2.9,
mock-model-d-900007-15,model-d,1.0,900007,100007,BR,10429,,-3.7172,-38.5434,2026-08-18T12:00:00Z,2026-08-20T15:00:00Z,114.1,6.9,
mock-model-a-900007-16,model-a,1.0,900007,100007,BR,10429,,-3.7172,-38.5434,2026-08-18T12:00:00Z,2026-08-20T16:00:00Z,103.2,5.0,0.78
mock-model-b-900007-16,model-b,1.0,900007,100007,BR,10429,,-3.7172,-38.5434,2026-08-18T12:00:00Z,2026-08-20T16:00:00Z,118.0,6.5,0.78
mock-model-c-900007-16,model-c,1.0,900007,100007,BR,10429,,-3.7172,-38.5434,2026-08-18T12:00:00Z,2026-08-20T16:00:00Z,84.9,3.3,0.78
mock-model-d-900007-16,model-d,1.0,900007,100007,BR,10429,,-3.7172,-38.5434,2026-08-18T12:00:00Z,2026-08-20T16:00:00Z,121.4,7.6,0.78
mock-model-a-900007-17,model-a,1.0,900007,100007,BR,10429,,-3.7172,-38.5434,2026-08-18T12:00:00Z,2026-08-20T17:00:00Z,108.9,5.4,0.76
mock-model-b-900007-17,model-b,1.0,900007,100007,BR,10429,,-3.7172,-38.5434,2026-08-18T12:00:00Z,2026-08-20T17:00:00Z,124.1,7.0,0.76
mock-model-c-900007-17,model-c,1.0,900007,100007,BR,10429,,-3.7172,-38.5434,2026-08-18T12:00:00Z,2026-08-20T17:00:00Z,89.8,3.6,0.76
mock-model-d-900007-17,model-d,1.0,900007,100007,BR,10429,,-3.7172,-38.5434,2026-08-18T12:00:00Z,2026-08-20T17:00:00Z,127.3,8.2,0.76
mock-model-a-900007-18,model-a,1.0,900007,100007,BR,10429,,-3.7172,-38.5434,2026-08-18T12:00:00Z,2026-08-20T18:00:00Z,113.0,5.7,0.75
mock-model-b-900007-18,model-b,1.0,900007,100007,BR,10429,,-3.7172,-38.5434,2026-08-18T12:00:00Z,2026-08-20T18:00:00Z,128.5,7.4,0.75
mock-model-c-900007-18,model-c,1.0,900007,100007,BR,10429,,-3.7172,-38.5434,2026-08-18T12:00:00Z,2026-08-20T18:00:00Z,93.4,3.8,0.75
mock-model-d-900007-18,model-d,1.0,900007,100007,BR,10429,,-3.7172,-38.5434,2026-08-18T12:00:00Z,2026-08-20T18:00:00Z,131.5,8.6,0.75
mock-model-a-900007-19,model-a,1.0,900007,100007,BR,10429,,-3.7172,-38.5434,2026-08-18T12:00:00Z,2026-08-20T19:00:00Z,115.2,5.8,0.75
mock-model-b-900007-19,model-b,1.0,900007,100007,BR,10429,,-3.7172,-38.5434,2026-08-18T12:00:00Z,2026-08-20T19:00:00Z,130.9,7.5,0.75
mock-model-c-900007-19,model-c,1.0,900007,100007,BR,10429,,-3.7172,-38.5434,2026-08-18T12:00:00Z,2026-08-20T19:00:00Z,95.4,3.9,0.75
mock-model-d-900007-19,model-d,1.0,900007,100007,BR,10429,,-3.7172,-38.5434,2026-08-18T12:00:00Z,2026-08-20T19:00:00Z,133.8,8.8,0.75
mock-model-a-900007-20,model-a,1.0,900007,100007,BR,10429,,-3.7172,-38.5434,2026-08-18T12:00:00Z,2026-08-20T20:00:00Z,109.1,5.8,0.75
mock-model-b-900007-20,model-b,1.0,900007,100007,BR,10429,,-3.7172,-38.5434,2026-08-18T12:00:00Z,2026-08-20T20:00:00Z,124.3,7.5,0.75
mock-model-c-900007-20,model-c,1.0,900007,100007,BR,10429,,-3.7172,-38.5434,2026-08-18T12:00:00Z,2026-08-20T20:00:00Z,90.0,3.9,0.75
mock-model-d-900007-20,model-d,1.0,900007,100007,BR,10429,,-3.7172,-38.5434,2026-08-18T12:00:00Z,2026-08-20T20:00:00Z,127.4,8.8,0.75
mock-model-a-900007-21,model-a,1.0,900007,100007,BR,10429,,-3.7172,-38.5434,2026-08-18T12:00:00Z,2026-08-20T21:00:00Z,107.6,5.3,0.76
mock-model-b-900007-21,model-b,1.0,900007,100007,BR,10429,,-3.7172,-38.5434,2026-08-18T12:00:00Z,2026-08-20T21:00:00Z,122.7,6.8,0.76
mock-model-c-900007-21,model-c,1.0,900007,100007,BR,10429,,-3.7172,-38.5434,2026-08-18T12:00:00Z,2026-08-20T21:00:00Z,88.7,3.5,0.76
mock-model-d-900007-21,model-d,1.0,900007,100007,BR,10429,,-3.7172,-38.5434,2026-08-18T12:00:00Z,2026-08-20T21:00:00Z,125.9,8.0,0.76
mock-model-a-900007-22,model-a,1.0,900007,100007,BR,10429,,-3.7172,-38.5434,2026-08-18T12:00:00Z,2026-08-20T22:00:00Z,104.5,4.9,0.78
mock-model-b-900007-22,model-b,1.0,900007,100007,BR,10429,,-3.7172,-38.5434,2026-08-18T12:00:00Z,2026-08-20T22:00:00Z,119.4,6.4,0.78
mock-model-c-900007-22,model-c,1.0,900007,100007,BR,10429,,-3.7172,-38.5434,2026-08-18T12:00:00Z,2026-08-20T22:00:00Z,86.0,3.3,0.78
mock-model-d-900007-22,model-d,1.0,900007,100007,BR,10429,,-3.7172,-38.5434,2026-08-18T12:00:00Z,2026-08-20T22:00:00Z,122.7,7.6,0.78
mock-model-a-900007-23,model-a,1.0,900007,100007,BR,10429,,-3.7172,-38.5434,2026-08-18T12:00:00Z,2026-08-20T23:00:00Z,100.2,4.5,0.8
mock-model-b-900007-23,model-b,1.0,900007,100007,BR,10429,,-3.7172,-38.5434,2026-08-18T12:00:00Z,2026-08-20T23:00:00Z,114.7,5.9,0.8
mock-model-c-900007-23,model-c,1.0,900007,100007,BR,10429,,-3.7172,-38.5434,2026-08-18T12:00:00Z,2026-08-20T23:00:00Z,82.1,2.9,0.8
mock-model-d-900007-23,model-d,1.0,900007,100007,BR,10429,,-3.7172,-38.5434,2026-08-18T12:00:00Z,2026-08-20T23:00:00Z,118.2,7.0,0.8
mock-model-a-900008-00,model-a,1.0,900008,100008,BR,28573,,-25.4284,-49.2733,2026-08-18T12:00:00Z,2026-08-20T00:00:00Z,64.6,3.2,0.82
mock-model-b-900008-00,model-b,1.0,900008,100008,BR,28573,,-25.4284,-49.2733,2026-08-18T12:00:00Z,2026-08-20T00:00:00Z,76.3,4.4,0.82
mock-model-c-900008-00,model-c,1.0,900008,100008,BR,28573,,-25.4284,-49.2733,2026-08-18T12:00:00Z,2026-08-20T00:00:00Z,50.9,2.1,0.82
mock-model-d-900008-00,model-d,1.0,900008,100008,BR,28573,,-25.4284,-49.2733,2026-08-18T12:00:00Z,2026-08-20T00:00:00Z,81.2,5.2,0.82
mock-model-a-900008-01,model-a,1.0,900008,100008,BR,28573,,-25.4284,-49.2733,2026-08-18T12:00:00Z,2026-08-20T01:00:00Z,58.8,2.6,0.84
mock-model-b-900008-01,model-b,1.0,900008,100008,BR,28573,,-25.4284,-49.2733,2026-08-18T12:00:00Z,2026-08-20T01:00:00Z,70.0,3.7,0.84
mock-model-c-900008-01,model-c,1.0,900008,100008,BR,28573,,-25.4284,-49.2733,2026-08-18T12:00:00Z,2026-08-20T01:00:00Z,45.7,1.7,0.84
mock-model-d-900008-01,model-d,1.0,900008,100008,BR,28573,,-25.4284,-49.2733,2026-08-18T12:00:00Z,2026-08-20T01:00:00Z,75.2,4.5,0.84
mock-model-a-900008-02,model-a,1.0,900008,100008,BR,28573,,-25.4284,-49.2733,2026-08-18T12:00:00Z,2026-08-20T02:00:00Z,53.0,2.1,0.86
mock-model-b-900008-02,model-b,1.0,900008,100008,BR,28573,,-25.4284,-49.2733,2026-08-18T12:00:00Z,2026-08-20T02:00:00Z,63.7,3.0,0.86
mock-model-c-900008-02,model-c,1.0,900008,100008,BR,28573,,-25.4284,-49.2733,2026-08-18T12:00:00Z,2026-08-20T02:00:00Z,40.6,1.3,0.86
mock-model-d-900008-02,model-d,1.0,900008,100008,BR,28573,,-25.4284,-49.2733,2026-08-18T12:00:00Z,2026-08-20T02:00:00Z,69.1,3.7,0.86
mock-model-a-900008-03,model-a,1.0,900008,100008,BR,28573,,-25.4284,-49.2733,2026-08-18T12:00:00Z,2026-08-20T03:00:00Z,47.6,1.5,
mock-model-b-900008-03,model-b,1.0,900008,100008,BR,28573,,-25.4284,-49.2733,2026-08-18T12:00:00Z,2026-08-20T03:00:00Z,58.0,2.4,
mock-model-c-900008-03,model-c,1.0,900008,100008,BR,28573,,-25.4284,-49.2733,2026-08-18T12:00:00Z,2026-08-20T03:00:00Z,35.9,0.9,
mock-model-d-900008-03,model-d,1.0,900008,100008,BR,28573,,-25.4284,-49.2733,2026-08-18T12:00:00Z,2026-08-20T03:00:00Z,63.6,3.0,
mock-model-a-900008-04,model-a,1.0,900008,100008,BR,28573,,-25.4284,-49.2733,2026-08-18T12:00:00Z,2026-08-20T04:00:00Z,43.3,1.1,0.9
mock-model-b-900008-04,model-b,1.0,900008,100008,BR,28573,,-25.4284,-49.2733,2026-08-18T12:00:00Z,2026-08-20T04:00:00Z,53.2,1.8,0.9
mock-model-c-900008-04,model-c,1.0,900008,100008,BR,28573,,-25.4284,-49.2733,2026-08-18T12:00:00Z,2026-08-20T04:00:00Z,32.1,0.6,0.9
mock-model-d-900008-04,model-d,1.0,900008,100008,BR,28573,,-25.4284,-49.2733,2026-08-18T12:00:00Z,2026-08-20T04:00:00Z,59.0,2.4,0.9
mock-model-a-900008-05,model-a,1.0,900008,100008,BR,28573,,-25.4284,-49.2733,2026-08-18T12:00:00Z,2026-08-20T05:00:00Z,33.7,0.8,0.92
mock-model-b-900008-05,model-b,1.0,900008,100008,BR,28573,,-25.4284,-49.2733,2026-08-18T12:00:00Z,2026-08-20T05:00:00Z,42.9,1.4,0.92
mock-model-c-900008-05,model-c,1.0,900008,100008,BR,28573,,-25.4284,-49.2733,2026-08-18T12:00:00Z,2026-08-20T05:00:00Z,23.6,0.3,0.92
mock-model-d-900008-05,model-d,1.0,900008,100008,BR,28573,,-25.4284,-49.2733,2026-08-18T12:00:00Z,2026-08-20T05:00:00Z,49.0,1.9,0.92
mock-model-a-900008-06,model-a,1.0,900008,100008,BR,28573,,-25.4284,-49.2733,2026-08-18T12:00:00Z,2026-08-20T06:00:00Z,32.2,0.6,0.93
mock-model-b-900008-06,model-b,1.0,900008,100008,BR,28573,,-25.4284,-49.2733,2026-08-18T12:00:00Z,2026-08-20T06:00:00Z,41.3,1.2,0.93
mock-model-c-900008-06,model-c,1.0,900008,100008,BR,28573,,-25.4284,-49.2733,2026-08-18T12:00:00Z,2026-08-20T06:00:00Z,22.4,0.2,0.93
mock-model-d-900008-06,model-d,1.0,900008,100008,BR,28573,,-25.4284,-49.2733,2026-08-18T12:00:00Z,2026-08-20T06:00:00Z,47.5,1.7,0.93
mock-model-a-900008-07,model-a,1.0,900008,100008,BR,28573,,-25.4284,-49.2733,2026-08-18T12:00:00Z,2026-08-20T07:00:00Z,32.6,0.2,0.93
mock-model-b-900008-07,model-b,1.0,900008,100008,BR,28573,,-25.4284,-49.2733,2026-08-18T12:00:00Z,2026-08-20T07:00:00Z,41.7,0.7,0.93
mock-model-c-900008-07,model-c,1.0,900008,100008,BR,28573,,-25.4284,-49.2733,2026-08-18T12:00:00Z,2026-08-20T07:00:00Z,22.7,0.0,0.93
mock-model-d-900008-07,model-d,1.0,900008,100008,BR,28573,,-25.4284,-49.2733,2026-08-18T12:00:00Z,2026-08-20T07:00:00Z,47.9,1.2,0.93
mock-model-a-900008-08,model-a,1.0,900008,100008,BR,28573,,-25.4284,-49.2733,2026-08-18T12:00:00Z,2026-08-20T08:00:00Z,34.8,0.3,0.93
mock-model-b-900008-08,model-b,1.0,900008,100008,BR,28573,,-25.4284,-49.2733,2026-08-18T12:00:00Z,2026-08-20T08:00:00Z,44.1,0.9,0.93
mock-model-c-900008-08,model-c,1.0,900008,100008,BR,28573,,-25.4284,-49.2733,2026-08-18T12:00:00Z,2026-08-20T08:00:00Z,24.7,0.0,0.93
mock-model-d-900008-08,model-d,1.0,900008,100008,BR,28573,,-25.4284,-49.2733,2026-08-18T12:00:00Z,2026-08-20T08:00:00Z,50.2,1.3,0.93
mock-model-a-900008-09,model-a,1.0,900008,100008,BR,28573,,-25.4284,-49.2733,2026-08-18T12:00:00Z,2026-08-20T09:00:00Z,38.9,0.6,0.92
mock-model-b-900008-09,model-b,1.0,900008,100008,BR,28573,,-25.4284,-49.2733,2026-08-18T12:00:00Z,2026-08-20T09:00:00Z,48.5,1.2,0.92
mock-model-c-900008-09,model-c,1.0,900008,100008,BR,28573,,-25.4284,-49.2733,2026-08-18T12:00:00Z,2026-08-20T09:00:00Z,28.2,0.2,0.92
mock-model-d-900008-09,model-d,1.0,900008,100008,BR,28573,,-25.4284,-49.2733,2026-08-18T12:00:00Z,2026-08-20T09:00:00Z,54.4,1.7,0.92
mock-model-a-900008-10,model-a,1.0,900008,100008,BR,28573,,-25.4284,-49.2733,2026-08-18T12:00:00Z,2026-08-20T10:00:00Z,38.1,1.1,0.9
mock-model-b-900008-10,model-b,1.0,900008,100008,BR,28573,,-25.4284,-49.2733,2026-08-18T12:00:00Z,2026-08-20T10:00:00Z,47.6,1.8,0.9
mock-model-c-900008-10,model-c,1.0,900008,100008,BR,28573,,-25.4284,-49.2733,2026-08-18T12:00:00Z,2026-08-20T10:00:00Z,27.5,0.5,0.9
mock-model-d-900008-10,model-d,1.0,900008,100008,BR,28573,,-25.4284,-49.2733,2026-08-18T12:00:00Z,2026-08-20T10:00:00Z,53.6,2.3,0.9
mock-model-a-900008-11,model-a,1.0,900008,100008,BR,28573,,-25.4284,-49.2733,2026-08-18T12:00:00Z,2026-08-20T11:00:00Z,45.0,1.6,0.89
mock-model-b-900008-11,model-b,1.0,900008,100008,BR,28573,,-25.4284,-49.2733,2026-08-18T12:00:00Z,2026-08-20T11:00:00Z,55.2,2.4,0.89
mock-model-c-900008-11,model-c,1.0,900008,100008,BR,28573,,-25.4284,-49.2733,2026-08-18T12:00:00Z,2026-08-20T11:00:00Z,33.6,0.9,0.89
mock-model-d-900008-11,model-d,1.0,900008,100008,BR,28573,,-25.4284,-49.2733,2026-08-18T12:00:00Z,2026-08-20T11:00:00Z,60.9,3.1,0.89
mock-model-a-900008-12,model-a,1.0,900008,100008,BR,28573,,-25.4284,-49.2733,2026-08-18T12:00:00Z,2026-08-20T12:00:00Z,53.0,2.2,0.86
mock-model-b-900008-12,model-b,1.0,900008,100008,BR,28573,,-25.4284,-49.2733,2026-08-18T12:00:00Z,2026-08-20T12:00:00Z,63.7,3.2,0.86
mock-model-c-900008-12,model-c,1.0,900008,100008,BR,28573,,-25.4284,-49.2733,2026-08-18T12:00:00Z,2026-08-20T12:00:00Z,40.6,1.4,0.86
mock-model-d-900008-12,model-d,1.0,900008,100008,BR,28573,,-25.4284,-49.2733,2026-08-18T12:00:00Z,2026-08-20T12:00:00Z,69.1,3.9,0.86
mock-model-a-900008-13,model-a,1.0,900008,100008,BR,28573,,-25.4284,-49.2733,2026-08-18T12:00:00Z,2026-08-20T13:00:00Z,61.4,2.9,0.84
mock-model-b-900008-13,model-b,1.0,900008,100008,BR,28573,,-25.4284,-49.2733,2026-08-18T12:00:00Z,2026-08-20T13:00:00Z,72.8,4.0,0.84
mock-model-c-900008-13,model-c,1.0,900008,100008,BR,28573,,-25.4284,-49.2733,2026-08-18T12:00:00Z,2026-08-20T13:00:00Z,48.0,1.8,0.84
mock-model-d-900008-13,model-d,1.0,900008,100008,BR,28573,,-25.4284,-49.2733,2026-08-18T12:00:00Z,2026-08-20T13:00:00Z,77.9,4.8,0.84
mock-model-a-900008-14,model-a,1.0,900008,100008,BR,28573,,-25.4284,-49.2733,2026-08-18T12:00:00Z,2026-08-20T14:00:00Z,69.8,3.2,0.82
mock-model-b-900008-14,model-b,1.0,900008,100008,BR,28573,,-25.4284,-49.2733,2026-08-18T12:00:00Z,2026-08-20T14:00:00Z,81.9,4.4,0.82
mock-model-c-900008-14,model-c,1.0,900008,100008,BR,28573,,-25.4284,-49.2733,2026-08-18T12:00:00Z,2026-08-20T14:00:00Z,55.4,2.1,0.82
mock-model-d-900008-14,model-d,1.0,900008,100008,BR,28573,,-25.4284,-49.2733,2026-08-18T12:00:00Z,2026-08-20T14:00:00Z,86.6,5.2,0.82
mock-model-a-900008-15,model-a,1.0,900008,100008,BR,28573,,-25.4284,-49.2733,2026-08-18T12:00:00Z,2026-08-20T15:00:00Z,71.2,3.8,
mock-model-b-900008-15,model-b,1.0,900008,100008,BR,28573,,-25.4284,-49.2733,2026-08-18T12:00:00Z,2026-08-20T15:00:00Z,83.5,5.1,
mock-model-c-900008-15,model-c,1.0,900008,100008,BR,28573,,-25.4284,-49.2733,2026-08-18T12:00:00Z,2026-08-20T15:00:00Z,56.7,2.5,
mock-model-d-900008-15,model-d,1.0,900008,100008,BR,28573,,-25.4284,-49.2733,2026-08-18T12:00:00Z,2026-08-20T15:00:00Z,88.1,6.1,
mock-model-a-900008-16,model-a,1.0,900008,100008,BR,28573,,-25.4284,-49.2733,2026-08-18T12:00:00Z,2026-08-20T16:00:00Z,78.2,4.4,0.78
mock-model-b-900008-16,model-b,1.0,900008,100008,BR,28573,,-25.4284,-49.2733,2026-08-18T12:00:00Z,2026-08-20T16:00:00Z,91.0,5.8,0.78
mock-model-c-900008-16,model-c,1.0,900008,100008,BR,28573,,-25.4284,-49.2733,2026-08-18T12:00:00Z,2026-08-20T16:00:00Z,62.9,2.9,0.78
mock-model-d-900008-16,model-d,1.0,900008,100008,BR,28573,,-25.4284,-49.2733,2026-08-18T12:00:00Z,2026-08-20T16:00:00Z,95.4,6.8,0.78
mock-model-a-900008-17,model-a,1.0,900008,100008,BR,28573,,-25.4284,-49.2733,2026-08-18T12:00:00Z,2026-08-20T17:00:00Z,83.9,4.8,0.76
mock-model-b-900008-17,model-b,1.0,900008,100008,BR,28573,,-25.4284,-49.2733,2026-08-18T12:00:00Z,2026-08-20T17:00:00Z,97.1,6.3,0.76
mock-model-c-900008-17,model-c,1.0,900008,100008,BR,28573,,-25.4284,-49.2733,2026-08-18T12:00:00Z,2026-08-20T17:00:00Z,67.8,3.2,0.76
mock-model-d-900008-17,model-d,1.0,900008,100008,BR,28573,,-25.4284,-49.2733,2026-08-18T12:00:00Z,2026-08-20T17:00:00Z,101.3,7.4,0.76
mock-model-a-900008-18,model-a,1.0,900008,100008,BR,28573,,-25.4284,-49.2733,2026-08-18T12:00:00Z,2026-08-20T18:00:00Z,88.0,5.1,0.75
mock-model-b-900008-18,model-b,1.0,900008,100008,BR,28573,,-25.4284,-49.2733,2026-08-18T12:00:00Z,2026-08-20T18:00:00Z,101.5,6.6,0.75
mock-model-c-900008-18,model-c,1.0,900008,100008,BR,28573,,-25.4284,-49.2733,2026-08-18T12:00:00Z,2026-08-20T18:00:00Z,71.4,3.4,0.75
mock-model-d-900008-18,model-d,1.0,900008,100008,BR,28573,,-25.4284,-49.2733,2026-08-18T12:00:00Z,2026-08-20T18:00:00Z,105.5,7.8,0.75
mock-model-a-900008-19,model-a,1.0,900008,100008,BR,28573,,-25.4284,-49.2733,2026-08-18T12:00:00Z,2026-08-20T19:00:00Z,90.2,5.2,0.75
mock-model-b-900008-19,model-b,1.0,900008,100008,BR,28573,,-25.4284,-49.2733,2026-08-18T12:00:00Z,2026-08-20T19:00:00Z,103.9,6.8,0.75
mock-model-c-900008-19,model-c,1.0,900008,100008,BR,28573,,-25.4284,-49.2733,2026-08-18T12:00:00Z,2026-08-20T19:00:00Z,73.4,3.5,0.75
mock-model-d-900008-19,model-d,1.0,900008,100008,BR,28573,,-25.4284,-49.2733,2026-08-18T12:00:00Z,2026-08-20T19:00:00Z,107.8,8.0,0.75
mock-model-a-900008-20,model-a,1.0,900008,100008,BR,28573,,-25.4284,-49.2733,2026-08-18T12:00:00Z,2026-08-20T20:00:00Z,84.1,5.2,0.75
mock-model-b-900008-20,model-b,1.0,900008,100008,BR,28573,,-25.4284,-49.2733,2026-08-18T12:00:00Z,2026-08-20T20:00:00Z,97.3,6.8,0.75
mock-model-c-900008-20,model-c,1.0,900008,100008,BR,28573,,-25.4284,-49.2733,2026-08-18T12:00:00Z,2026-08-20T20:00:00Z,68.0,3.5,0.75
mock-model-d-900008-20,model-d,1.0,900008,100008,BR,28573,,-25.4284,-49.2733,2026-08-18T12:00:00Z,2026-08-20T20:00:00Z,101.4,7.9,0.75
mock-model-a-900008-21,model-a,1.0,900008,100008,BR,28573,,-25.4284,-49.2733,2026-08-18T12:00:00Z,2026-08-20T21:00:00Z,82.6,4.7,0.76
mock-model-b-900008-21,model-b,1.0,900008,100008,BR,28573,,-25.4284,-49.2733,2026-08-18T12:00:00Z,2026-08-20T21:00:00Z,95.7,6.1,0.76
mock-model-c-900008-21,model-c,1.0,900008,100008,BR,28573,,-25.4284,-49.2733,2026-08-18T12:00:00Z,2026-08-20T21:00:00Z,66.7,3.1,0.76
mock-model-d-900008-21,model-d,1.0,900008,100008,BR,28573,,-25.4284,-49.2733,2026-08-18T12:00:00Z,2026-08-20T21:00:00Z,99.9,7.2,0.76
mock-model-a-900008-22,model-a,1.0,900008,100008,BR,28573,,-25.4284,-49.2733,2026-08-18T12:00:00Z,2026-08-20T22:00:00Z,79.5,4.3,0.78
mock-model-b-900008-22,model-b,1.0,900008,100008,BR,28573,,-25.4284,-49.2733,2026-08-18T12:00:00Z,2026-08-20T22:00:00Z,92.4,5.7,0.78
mock-model-c-900008-22,model-c,1.0,900008,100008,BR,28573,,-25.4284,-49.2733,2026-08-18T12:00:00Z,2026-08-20T22:00:00Z,64.0,2.8,0.78
mock-model-d-900008-22,model-d,1.0,900008,100008,BR,28573,,-25.4284,-49.2733,2026-08-18T12:00:00Z,2026-08-20T22:00:00Z,96.7,6.8,0.78
mock-model-a-900008-23,model-a,1.0,900008,100008,BR,28573,,-25.4284,-49.2733,2026-08-18T12:00:00Z,2026-08-20T23:00:00Z,75.2,3.9,0.8
mock-model-b-900008-23,model-b,1.0,900008,100008,BR,28573,,-25.4284,-49.2733,2026-08-18T12:00:00Z,2026-08-20T23:00:00Z,87.7,5.2,0.8
mock-model-c-900008-23,model-c,1.0,900008,100008,BR,28573,,-25.4284,-49.2733,2026-08-18T12:00:00Z,2026-08-20T23:00:00Z,60.1,2.5,0.8
mock-model-d-900008-23,model-d,1.0,900008,100008,BR,28573,,-25.4284,-49.2733,2026-08-18T12:00:00Z,2026-08-20T23:00:00Z,92.2,6.2,0.8
mock-model-a-900009-00,model-a,1.0,900009,100009,BR,10429,10429,-30.0346,-51.2177,2026-08-18T12:00:00Z,2026-08-20T00:00:00Z,72.6,3.5,0.82
mock-model-b-900009-00,model-b,1.0,900009,100009,BR,10429,10429,-30.0346,-51.2177,2026-08-18T12:00:00Z,2026-08-20T00:00:00Z,84.9,4.7,0.82
mock-model-c-900009-00,model-c,1.0,900009,100009,BR,10429,10429,-30.0346,-51.2177,2026-08-18T12:00:00Z,2026-08-20T00:00:00Z,57.9,2.3,0.82
mock-model-d-900009-00,model-d,1.0,900009,100009,BR,10429,10429,-30.0346,-51.2177,2026-08-18T12:00:00Z,2026-08-20T00:00:00Z,89.5,5.7,0.82
mock-model-a-900009-01,model-a,1.0,900009,100009,BR,10429,10429,-30.0346,-51.2177,2026-08-18T12:00:00Z,2026-08-20T01:00:00Z,66.8,2.9,0.84
mock-model-b-900009-01,model-b,1.0,900009,100009,BR,10429,10429,-30.0346,-51.2177,2026-08-18T12:00:00Z,2026-08-20T01:00:00Z,78.6,4.0,0.84
mock-model-c-900009-01,model-c,1.0,900009,100009,BR,10429,10429,-30.0346,-51.2177,2026-08-18T12:00:00Z,2026-08-20T01:00:00Z,52.8,1.9,0.84
mock-model-d-900009-01,model-d,1.0,900009,100009,BR,10429,10429,-30.0346,-51.2177,2026-08-18T12:00:00Z,2026-08-20T01:00:00Z,83.5,4.9,0.84
mock-model-a-900009-02,model-a,1.0,900009,100009,BR,10429,10429,-30.0346,-51.2177,2026-08-18T12:00:00Z,2026-08-20T02:00:00Z,61.0,2.4,0.86
mock-model-b-900009-02,model-b,1.0,900009,100009,BR,10429,10429,-30.0346,-51.2177,2026-08-18T12:00:00Z,2026-08-20T02:00:00Z,72.4,3.4,0.86
mock-model-c-900009-02,model-c,1.0,900009,100009,BR,10429,10429,-30.0346,-51.2177,2026-08-18T12:00:00Z,2026-08-20T02:00:00Z,47.7,1.5,0.86
mock-model-d-900009-02,model-d,1.0,900009,100009,BR,10429,10429,-30.0346,-51.2177,2026-08-18T12:00:00Z,2026-08-20T02:00:00Z,77.4,4.1,0.86
mock-model-a-900009-03,model-a,1.0,900009,100009,BR,10429,10429,-30.0346,-51.2177,2026-08-18T12:00:00Z,2026-08-20T03:00:00Z,55.6,1.9,
mock-model-b-900009-03,model-b,1.0,900009,100009,BR,10429,10429,-30.0346,-51.2177,2026-08-18T12:00:00Z,2026-08-20T03:00:00Z,66.6,2.7,
mock-model-c-900009-03,model-c,1.0,900009,100009,BR,10429,10429,-30.0346,-51.2177,2026-08-18T12:00:00Z,2026-08-20T03:00:00Z,43.0,1.1,
mock-model-d-900009-03,model-d,1.0,900009,100009,BR,10429,10429,-30.0346,-51.2177,2026-08-18T12:00:00Z,2026-08-20T03:00:00Z,71.9,3.4,
mock-model-a-900009-04,model-a,1.0,900009,100009,BR,10429,10429,-30.0346,-51.2177,2026-08-18T12:00:00Z,2026-08-20T04:00:00Z,51.3,1.4,0.9
mock-model-b-900009-04,model-b,1.0,900009,100009,BR,10429,10429,-30.0346,-51.2177,2026-08-18T12:00:00Z,2026-08-20T04:00:00Z,61.9,2.2,0.9
mock-model-c-900009-04,model-c,1.0,900009,100009,BR,10429,10429,-30.0346,-51.2177,2026-08-18T12:00:00Z,2026-08-20T04:00:00Z,39.1,0.8,0.9
mock-model-d-900009-04,model-d,1.0,900009,100009,BR,10429,10429,-30.0346,-51.2177,2026-08-18T12:00:00Z,2026-08-20T04:00:00Z,67.3,2.8,0.9
mock-model-a-900009-05,model-a,1.0,900009,100009,BR,10429,10429,-30.0346,-51.2177,2026-08-18T12:00:00Z,2026-08-20T05:00:00Z,41.7,1.1,0.92
mock-model-b-900009-05,model-b,1.0,900009,100009,BR,10429,10429,-30.0346,-51.2177,2026-08-18T12:00:00Z,2026-08-20T05:00:00Z,51.5,1.8,0.92
mock-model-c-900009-05,model-c,1.0,900009,100009,BR,10429,10429,-30.0346,-51.2177,2026-08-18T12:00:00Z,2026-08-20T05:00:00Z,30.7,0.6,0.92
mock-model-d-900009-05,model-d,1.0,900009,100009,BR,10429,10429,-30.0346,-51.2177,2026-08-18T12:00:00Z,2026-08-20T05:00:00Z,57.4,2.3,0.92
mock-model-a-900009-06,model-a,1.0,900009,100009,BR,10429,10429,-30.0346,-51.2177,2026-08-18T12:00:00Z,2026-08-20T06:00:00Z,40.2,0.9,0.93
mock-model-b-900009-06,model-b,1.0,900009,100009,BR,10429,10429,-30.0346,-51.2177,2026-08-18T12:00:00Z,2026-08-20T06:00:00Z,50.0,1.6,0.93
mock-model-c-900009-06,model-c,1.0,900009,100009,BR,10429,10429,-30.0346,-51.2177,2026-08-18T12:00:00Z,2026-08-20T06:00:00Z,29.4,0.4,0.93
mock-model-d-900009-06,model-d,1.0,900009,100009,BR,10429,10429,-30.0346,-51.2177,2026-08-18T12:00:00Z,2026-08-20T06:00:00Z,55.8,2.1,0.93
mock-model-a-900009-07,model-a,1.0,900009,100009,BR,10429,10429,-30.0346,-51.2177,2026-08-18T12:00:00Z,2026-08-20T07:00:00Z,40.6,0.5,0.93
mock-model-b-900009-07,model-b,1.0,900009,100009,BR,10429,10429,-30.0346,-51.2177,2026-08-18T12:00:00Z,2026-08-20T07:00:00Z,50.3,1.1,0.93
mock-model-c-900009-07,model-c,1.0,900009,100009,BR,10429,10429,-30.0346,-51.2177,2026-08-18T12:00:00Z,2026-08-20T07:00:00Z,29.7,0.1,0.93
mock-model-d-900009-07,model-d,1.0,900009,100009,BR,10429,10429,-30.0346,-51.2177,2026-08-18T12:00:00Z,2026-08-20T07:00:00Z,56.2,1.6,0.93
mock-model-a-900009-08,model-a,1.0,900009,100009,BR,10429,10429,-30.0346,-51.2177,2026-08-18T12:00:00Z,2026-08-20T08:00:00Z,42.8,0.6,0.93
mock-model-b-900009-08,model-b,1.0,900009,100009,BR,10429,10429,-30.0346,-51.2177,2026-08-18T12:00:00Z,2026-08-20T08:00:00Z,52.8,1.3,0.93
mock-model-c-900009-08,model-c,1.0,900009,100009,BR,10429,10429,-30.0346,-51.2177,2026-08-18T12:00:00Z,2026-08-20T08:00:00Z,31.7,0.2,0.93
mock-model-d-900009-08,model-d,1.0,900009,100009,BR,10429,10429,-30.0346,-51.2177,2026-08-18T12:00:00Z,2026-08-20T08:00:00Z,58.6,1.8,0.93
mock-model-a-900009-09,model-a,1.0,900009,100009,BR,10429,10429,-30.0346,-51.2177,2026-08-18T12:00:00Z,2026-08-20T09:00:00Z,46.9,0.9,0.92
mock-model-b-900009-09,model-b,1.0,900009,100009,BR,10429,10429,-30.0346,-51.2177,2026-08-18T12:00:00Z,2026-08-20T09:00:00Z,57.1,1.6,0.92
mock-model-c-900009-09,model-c,1.0,900009,100009,BR,10429,10429,-30.0346,-51.2177,2026-08-18T12:00:00Z,2026-08-20T09:00:00Z,35.3,0.4,0.92
mock-model-d-900009-09,model-d,1.0,900009,100009,BR,10429,10429,-30.0346,-51.2177,2026-08-18T12:00:00Z,2026-08-20T09:00:00Z,62.8,2.1,0.92
mock-model-a-900009-10,model-a,1.0,900009,100009,BR,10429,10429,-30.0346,-51.2177,2026-08-18T12:00:00Z,2026-08-20T10:00:00Z,46.1,1.4,0.9
mock-model-b-900009-10,model-b,1.0,900009,100009,BR,10429,10429,-30.0346,-51.2177,2026-08-18T12:00:00Z,2026-08-20T10:00:00Z,56.2,2.1,0.9
mock-model-c-900009-10,model-c,1.0,900009,100009,BR,10429,10429,-30.0346,-51.2177,2026-08-18T12:00:00Z,2026-08-20T10:00:00Z,34.5,0.7,0.9
mock-model-d-900009-10,model-d,1.0,900009,100009,BR,10429,10429,-30.0346,-51.2177,2026-08-18T12:00:00Z,2026-08-20T10:00:00Z,61.9,2.7,0.9
mock-model-a-900009-11,model-a,1.0,900009,100009,BR,10429,10429,-30.0346,-51.2177,2026-08-18T12:00:00Z,2026-08-20T11:00:00Z,53.0,1.9,0.89
mock-model-b-900009-11,model-b,1.0,900009,100009,BR,10429,10429,-30.0346,-51.2177,2026-08-18T12:00:00Z,2026-08-20T11:00:00Z,63.8,2.8,0.89
mock-model-c-900009-11,model-c,1.0,900009,100009,BR,10429,10429,-30.0346,-51.2177,2026-08-18T12:00:00Z,2026-08-20T11:00:00Z,40.7,1.1,0.89
mock-model-d-900009-11,model-d,1.0,900009,100009,BR,10429,10429,-30.0346,-51.2177,2026-08-18T12:00:00Z,2026-08-20T11:00:00Z,69.2,3.5,0.89
mock-model-a-900009-12,model-a,1.0,900009,100009,BR,10429,10429,-30.0346,-51.2177,2026-08-18T12:00:00Z,2026-08-20T12:00:00Z,61.0,2.5,0.86
mock-model-b-900009-12,model-b,1.0,900009,100009,BR,10429,10429,-30.0346,-51.2177,2026-08-18T12:00:00Z,2026-08-20T12:00:00Z,72.4,3.5,0.86
mock-model-c-900009-12,model-c,1.0,900009,100009,BR,10429,10429,-30.0346,-51.2177,2026-08-18T12:00:00Z,2026-08-20T12:00:00Z,47.7,1.6,0.86
mock-model-d-900009-12,model-d,1.0,900009,100009,BR,10429,10429,-30.0346,-51.2177,2026-08-18T12:00:00Z,2026-08-20T12:00:00Z,77.4,4.3,0.86
mock-model-a-900009-13,model-a,1.0,900009,100009,BR,10429,10429,-30.0346,-51.2177,2026-08-18T12:00:00Z,2026-08-20T13:00:00Z,69.4,3.2,0.84
mock-model-b-900009-13,model-b,1.0,900009,100009,BR,10429,10429,-30.0346,-51.2177,2026-08-18T12:00:00Z,2026-08-20T13:00:00Z,81.5,4.3,0.84
mock-model-c-900009-13,model-c,1.0,900009,100009,BR,10429,10429,-30.0346,-51.2177,2026-08-18T12:00:00Z,2026-08-20T13:00:00Z,55.1,2.0,0.84
mock-model-d-900009-13,model-d,1.0,900009,100009,BR,10429,10429,-30.0346,-51.2177,2026-08-18T12:00:00Z,2026-08-20T13:00:00Z,86.2,5.2,0.84
mock-model-a-900009-14,model-a,1.0,900009,100009,BR,10429,10429,-30.0346,-51.2177,2026-08-18T12:00:00Z,2026-08-20T14:00:00Z,77.8,3.5,0.82
mock-model-b-900009-14,model-b,1.0,900009,100009,BR,10429,10429,-30.0346,-51.2177,2026-08-18T12:00:00Z,2026-08-20T14:00:00Z,90.5,4.7,0.82
mock-model-c-900009-14,model-c,1.0,900009,100009,BR,10429,10429,-30.0346,-51.2177,2026-08-18T12:00:00Z,2026-08-20T14:00:00Z,62.5,2.3,0.82
mock-model-d-900009-14,model-d,1.0,900009,100009,BR,10429,10429,-30.0346,-51.2177,2026-08-18T12:00:00Z,2026-08-20T14:00:00Z,94.9,5.7,0.82
mock-model-a-900009-15,model-a,1.0,900009,100009,BR,10429,10429,-30.0346,-51.2177,2026-08-18T12:00:00Z,2026-08-20T15:00:00Z,79.2,4.1,
mock-model-b-900009-15,model-b,1.0,900009,100009,BR,10429,10429,-30.0346,-51.2177,2026-08-18T12:00:00Z,2026-08-20T15:00:00Z,92.1,5.5,
mock-model-c-900009-15,model-c,1.0,900009,100009,BR,10429,10429,-30.0346,-51.2177,2026-08-18T12:00:00Z,2026-08-20T15:00:00Z,63.7,2.7,
mock-model-d-900009-15,model-d,1.0,900009,100009,BR,10429,10429,-30.0346,-51.2177,2026-08-18T12:00:00Z,2026-08-20T15:00:00Z,96.4,6.5,
mock-model-a-900009-16,model-a,1.0,900009,100009,BR,10429,10429,-30.0346,-51.2177,2026-08-18T12:00:00Z,2026-08-20T16:00:00Z,86.2,4.7,0.78
mock-model-b-900009-16,model-b,1.0,900009,100009,BR,10429,10429,-30.0346,-51.2177,2026-08-18T12:00:00Z,2026-08-20T16:00:00Z,99.6,6.1,0.78
mock-model-c-900009-16,model-c,1.0,900009,100009,BR,10429,10429,-30.0346,-51.2177,2026-08-18T12:00:00Z,2026-08-20T16:00:00Z,69.9,3.1,0.78
mock-model-d-900009-16,model-d,1.0,900009,100009,BR,10429,10429,-30.0346,-51.2177,2026-08-18T12:00:00Z,2026-08-20T16:00:00Z,103.7,7.2,0.78
mock-model-a-900009-17,model-a,1.0,900009,100009,BR,10429,10429,-30.0346,-51.2177,2026-08-18T12:00:00Z,2026-08-20T17:00:00Z,91.9,5.1,0.76
mock-model-b-900009-17,model-b,1.0,900009,100009,BR,10429,10429,-30.0346,-51.2177,2026-08-18T12:00:00Z,2026-08-20T17:00:00Z,105.8,6.7,0.76
mock-model-c-900009-17,model-c,1.0,900009,100009,BR,10429,10429,-30.0346,-51.2177,2026-08-18T12:00:00Z,2026-08-20T17:00:00Z,74.9,3.4,0.76
mock-model-d-900009-17,model-d,1.0,900009,100009,BR,10429,10429,-30.0346,-51.2177,2026-08-18T12:00:00Z,2026-08-20T17:00:00Z,109.6,7.8,0.76
mock-model-a-900009-18,model-a,1.0,900009,100009,BR,10429,10429,-30.0346,-51.2177,2026-08-18T12:00:00Z,2026-08-20T18:00:00Z,96.0,5.4,0.75
mock-model-b-900009-18,model-b,1.0,900009,100009,BR,10429,10429,-30.0346,-51.2177,2026-08-18T12:00:00Z,2026-08-20T18:00:00Z,110.1,7.0,0.75
mock-model-c-900009-18,model-c,1.0,900009,100009,BR,10429,10429,-30.0346,-51.2177,2026-08-18T12:00:00Z,2026-08-20T18:00:00Z,78.4,3.6,0.75
mock-model-d-900009-18,model-d,1.0,900009,100009,BR,10429,10429,-30.0346,-51.2177,2026-08-18T12:00:00Z,2026-08-20T18:00:00Z,113.8,8.2,0.75
mock-model-a-900009-19,model-a,1.0,900009,100009,BR,10429,10429,-30.0346,-51.2177,2026-08-18T12:00:00Z,2026-08-20T19:00:00Z,98.2,5.5,0.75
mock-model-b-900009-19,model-b,1.0,900009,100009,BR,10429,10429,-30.0346,-51.2177,2026-08-18T12:00:00Z,2026-08-20T19:00:00Z,112.6,7.2,0.75
mock-model-c-900009-19,model-c,1.0,900009,100009,BR,10429,10429,-30.0346,-51.2177,2026-08-18T12:00:00Z,2026-08-20T19:00:00Z,80.4,3.7,0.75
mock-model-d-900009-19,model-d,1.0,900009,100009,BR,10429,10429,-30.0346,-51.2177,2026-08-18T12:00:00Z,2026-08-20T19:00:00Z,116.1,8.4,0.75
mock-model-a-900009-20,model-a,1.0,900009,100009,BR,10429,10429,-30.0346,-51.2177,2026-08-18T12:00:00Z,2026-08-20T20:00:00Z,92.1,5.5,0.75
mock-model-b-900009-20,model-b,1.0,900009,100009,BR,10429,10429,-30.0346,-51.2177,2026-08-18T12:00:00Z,2026-08-20T20:00:00Z,105.9,7.1,0.75
mock-model-c-900009-20,model-c,1.0,900009,100009,BR,10429,10429,-30.0346,-51.2177,2026-08-18T12:00:00Z,2026-08-20T20:00:00Z,75.0,3.7,0.75
mock-model-d-900009-20,model-d,1.0,900009,100009,BR,10429,10429,-30.0346,-51.2177,2026-08-18T12:00:00Z,2026-08-20T20:00:00Z,109.7,8.3,0.75
mock-model-a-900009-21,model-a,1.0,900009,100009,BR,10429,10429,-30.0346,-51.2177,2026-08-18T12:00:00Z,2026-08-20T21:00:00Z,90.6,5.0,0.76
mock-model-b-900009-21,model-b,1.0,900009,100009,BR,10429,10429,-30.0346,-51.2177,2026-08-18T12:00:00Z,2026-08-20T21:00:00Z,104.4,6.5,0.76
mock-model-c-900009-21,model-c,1.0,900009,100009,BR,10429,10429,-30.0346,-51.2177,2026-08-18T12:00:00Z,2026-08-20T21:00:00Z,73.7,3.3,0.76
mock-model-d-900009-21,model-d,1.0,900009,100009,BR,10429,10429,-30.0346,-51.2177,2026-08-18T12:00:00Z,2026-08-20T21:00:00Z,108.2,7.6,0.76
mock-model-a-900009-22,model-a,1.0,900009,100009,BR,10429,10429,-30.0346,-51.2177,2026-08-18T12:00:00Z,2026-08-20T22:00:00Z,87.5,4.6,0.78
mock-model-b-900009-22,model-b,1.0,900009,100009,BR,10429,10429,-30.0346,-51.2177,2026-08-18T12:00:00Z,2026-08-20T22:00:00Z,101.0,6.1,0.78
mock-model-c-900009-22,model-c,1.0,900009,100009,BR,10429,10429,-30.0346,-51.2177,2026-08-18T12:00:00Z,2026-08-20T22:00:00Z,71.0,3.1,0.78
mock-model-d-900009-22,model-d,1.0,900009,100009,BR,10429,10429,-30.0346,-51.2177,2026-08-18T12:00:00Z,2026-08-20T22:00:00Z,105.0,7.2,0.78
mock-model-a-900009-23,model-a,1.0,900009,100009,BR,10429,10429,-30.0346,-51.2177,2026-08-18T12:00:00Z,2026-08-20T23:00:00Z,83.2,4.2,0.8
mock-model-b-900009-23,model-b,1.0,900009,100009,BR,10429,10429,-30.0346,-51.2177,2026-08-18T12:00:00Z,2026-08-20T23:00:00Z,96.3,5.5,0.8
mock-model-c-900009-23,model-c,1.0,900009,100009,BR,10429,10429,-30.0346,-51.2177,2026-08-18T12:00:00Z,2026-08-20T23:00:00Z,67.2,2.7,0.8
mock-model-d-900009-23,model-d,1.0,900009,100009,BR,10429,10429,-30.0346,-51.2177,2026-08-18T12:00:00Z,2026-08-20T23:00:00Z,100.5,6.6,0.8
mock-model-a-900010-00,model-a,1.0,900010,100010,BR,7738,,-3.119,-60.0217,2026-08-18T12:00:00Z,2026-08-20T00:00:00Z,112.6,4.2,0.82
mock-model-b-900010-00,model-b,1.0,900010,100010,BR,7738,,-3.119,-60.0217,2026-08-18T12:00:00Z,2026-08-20T00:00:00Z,128.1,5.6,0.82
mock-model-c-900010-00,model-c,1.0,900010,100010,BR,7738,,-3.119,-60.0217,2026-08-18T12:00:00Z,2026-08-20T00:00:00Z,93.1,2.8,0.82
mock-model-d-900010-00,model-d,1.0,900010,100010,BR,7738,,-3.119,-60.0217,2026-08-18T12:00:00Z,2026-08-20T00:00:00Z,131.1,6.6,0.82
mock-model-a-900010-01,model-a,1.0,900010,100010,BR,7738,,-3.119,-60.0217,2026-08-18T12:00:00Z,2026-08-20T01:00:00Z,106.8,3.6,0.84
mock-model-b-900010-01,model-b,1.0,900010,100010,BR,7738,,-3.119,-60.0217,2026-08-18T12:00:00Z,2026-08-20T01:00:00Z,121.8,4.9,0.84
mock-model-c-900010-01,model-c,1.0,900010,100010,BR,7738,,-3.119,-60.0217,2026-08-18T12:00:00Z,2026-08-20T01:00:00Z,88.0,2.4,0.84
mock-model-d-900010-01,model-d,1.0,900010,100010,BR,7738,,-3.119,-60.0217,2026-08-18T12:00:00Z,2026-08-20T01:00:00Z,125.1,5.8,0.84
mock-model-a-900010-02,model-a,1.0,900010,100010,BR,7738,,-3.119,-60.0217,2026-08-18T12:00:00Z,2026-08-20T02:00:00Z,101.0,3.1,0.86
mock-model-b-900010-02,model-b,1.0,900010,100010,BR,7738,,-3.119,-60.0217,2026-08-18T12:00:00Z,2026-08-20T02:00:00Z,115.6,4.2,0.86
mock-model-c-900010-02,model-c,1.0,900010,100010,BR,7738,,-3.119,-60.0217,2026-08-18T12:00:00Z,2026-08-20T02:00:00Z,82.9,2.0,0.86
mock-model-d-900010-02,model-d,1.0,900010,100010,BR,7738,,-3.119,-60.0217,2026-08-18T12:00:00Z,2026-08-20T02:00:00Z,119.0,5.1,0.86
mock-model-a-900010-03,model-a,1.0,900010,100010,BR,7738,,-3.119,-60.0217,2026-08-18T12:00:00Z,2026-08-20T03:00:00Z,95.7,2.5,
mock-model-b-900010-03,model-b,1.0,900010,100010,BR,7738,,-3.119,-60.0217,2026-08-18T12:00:00Z,2026-08-20T03:00:00Z,109.8,3.6,
mock-model-c-900010-03,model-c,1.0,900010,100010,BR,7738,,-3.119,-60.0217,2026-08-18T12:00:00Z,2026-08-20T03:00:00Z,78.2,1.6,
mock-model-d-900010-03,model-d,1.0,900010,100010,BR,7738,,-3.119,-60.0217,2026-08-18T12:00:00Z,2026-08-20T03:00:00Z,113.5,4.3,
mock-model-a-900010-04,model-a,1.0,900010,100010,BR,7738,,-3.119,-60.0217,2026-08-18T12:00:00Z,2026-08-20T04:00:00Z,91.3,2.1,0.9
mock-model-b-900010-04,model-b,1.0,900010,100010,BR,7738,,-3.119,-60.0217,2026-08-18T12:00:00Z,2026-08-20T04:00:00Z,105.1,3.0,0.9
mock-model-c-900010-04,model-c,1.0,900010,100010,BR,7738,,-3.119,-60.0217,2026-08-18T12:00:00Z,2026-08-20T04:00:00Z,74.3,1.3,0.9
mock-model-d-900010-04,model-d,1.0,900010,100010,BR,7738,,-3.119,-60.0217,2026-08-18T12:00:00Z,2026-08-20T04:00:00Z,108.9,3.7,0.9
mock-model-a-900010-05,model-a,1.0,900010,100010,BR,7738,,-3.119,-60.0217,2026-08-18T12:00:00Z,2026-08-20T05:00:00Z,81.7,1.8,0.92
mock-model-b-900010-05,model-b,1.0,900010,100010,BR,7738,,-3.119,-60.0217,2026-08-18T12:00:00Z,2026-08-20T05:00:00Z,94.7,2.6,0.92
mock-model-c-900010-05,model-c,1.0,900010,100010,BR,7738,,-3.119,-60.0217,2026-08-18T12:00:00Z,2026-08-20T05:00:00Z,65.9,1.0,0.92
mock-model-d-900010-05,model-d,1.0,900010,100010,BR,7738,,-3.119,-60.0217,2026-08-18T12:00:00Z,2026-08-20T05:00:00Z,99.0,3.3,0.92
mock-model-a-900010-06,model-a,1.0,900010,100010,BR,7738,,-3.119,-60.0217,2026-08-18T12:00:00Z,2026-08-20T06:00:00Z,80.2,1.6,0.93
mock-model-b-900010-06,model-b,1.0,900010,100010,BR,7738,,-3.119,-60.0217,2026-08-18T12:00:00Z,2026-08-20T06:00:00Z,93.2,2.4,0.93
mock-model-c-900010-06,model-c,1.0,900010,100010,BR,7738,,-3.119,-60.0217,2026-08-18T12:00:00Z,2026-08-20T06:00:00Z,64.6,0.9,0.93
mock-model-d-900010-06,model-d,1.0,900010,100010,BR,7738,,-3.119,-60.0217,2026-08-18T12:00:00Z,2026-08-20T06:00:00Z,97.4,3.0,0.93
mock-model-a-900010-07,model-a,1.0,900010,100010,BR,7738,,-3.119,-60.0217,2026-08-18T12:00:00Z,2026-08-20T07:00:00Z,80.6,1.2,0.93
mock-model-b-900010-07,model-b,1.0,900010,100010,BR,7738,,-3.119,-60.0217,2026-08-18T12:00:00Z,2026-08-20T07:00:00Z,93.5,1.9,0.93
mock-model-c-900010-07,model-c,1.0,900010,100010,BR,7738,,-3.119,-60.0217,2026-08-18T12:00:00Z,2026-08-20T07:00:00Z,64.9,0.6,0.93
mock-model-d-900010-07,model-d,1.0,900010,100010,BR,7738,,-3.119,-60.0217,2026-08-18T12:00:00Z,2026-08-20T07:00:00Z,97.8,2.5,0.93
mock-model-a-900010-08,model-a,1.0,900010,100010,BR,7738,,-3.119,-60.0217,2026-08-18T12:00:00Z,2026-08-20T08:00:00Z,82.8,1.3,0.93
mock-model-b-900010-08,model-b,1.0,900010,100010,BR,7738,,-3.119,-60.0217,2026-08-18T12:00:00Z,2026-08-20T08:00:00Z,96.0,2.1,0.93
mock-model-c-900010-08,model-c,1.0,900010,100010,BR,7738,,-3.119,-60.0217,2026-08-18T12:00:00Z,2026-08-20T08:00:00Z,66.9,0.7,0.93
mock-model-d-900010-08,model-d,1.0,900010,100010,BR,7738,,-3.119,-60.0217,2026-08-18T12:00:00Z,2026-08-20T08:00:00Z,100.2,2.7,0.93
mock-model-a-900010-09,model-a,1.0,900010,100010,BR,7738,,-3.119,-60.0217,2026-08-18T12:00:00Z,2026-08-20T09:00:00Z,86.9,1.6,0.92
mock-model-b-900010-09,model-b,1.0,900010,100010,BR,7738,,-3.119,-60.0217,2026-08-18T12:00:00Z,2026-08-20T09:00:00Z,100.3,2.4,0.92
mock-model-c-900010-09,model-c,1.0,900010,100010,BR,7738,,-3.119,-60.0217,2026-08-18T12:00:00Z,2026-08-20T09:00:00Z,70.5,0.9,0.92
mock-model-d-900010-09,model-d,1.0,900010,100010,BR,7738,,-3.119,-60.0217,2026-08-18T12:00:00Z,2026-08-20T09:00:00Z,104.4,3.1,0.92
mock-model-a-900010-10,model-a,1.0,900010,100010,BR,7738,,-3.119,-60.0217,2026-08-18T12:00:00Z,2026-08-20T10:00:00Z,86.1,2.1,0.9
mock-model-b-900010-10,model-b,1.0,900010,100010,BR,7738,,-3.119,-60.0217,2026-08-18T12:00:00Z,2026-08-20T10:00:00Z,99.4,3.0,0.9
mock-model-c-900010-10,model-c,1.0,900010,100010,BR,7738,,-3.119,-60.0217,2026-08-18T12:00:00Z,2026-08-20T10:00:00Z,69.7,1.2,0.9
mock-model-d-900010-10,model-d,1.0,900010,100010,BR,7738,,-3.119,-60.0217,2026-08-18T12:00:00Z,2026-08-20T10:00:00Z,103.5,3.7,0.9
mock-model-a-900010-11,model-a,1.0,900010,100010,BR,7738,,-3.119,-60.0217,2026-08-18T12:00:00Z,2026-08-20T11:00:00Z,93.0,2.6,0.89
mock-model-b-900010-11,model-b,1.0,900010,100010,BR,7738,,-3.119,-60.0217,2026-08-18T12:00:00Z,2026-08-20T11:00:00Z,107.0,3.6,0.89
mock-model-c-900010-11,model-c,1.0,900010,100010,BR,7738,,-3.119,-60.0217,2026-08-18T12:00:00Z,2026-08-20T11:00:00Z,75.9,1.6,0.89
mock-model-d-900010-11,model-d,1.0,900010,100010,BR,7738,,-3.119,-60.0217,2026-08-18T12:00:00Z,2026-08-20T11:00:00Z,110.8,4.4,0.89
mock-model-a-900010-12,model-a,1.0,900010,100010,BR,7738,,-3.119,-60.0217,2026-08-18T12:00:00Z,2026-08-20T12:00:00Z,101.0,3.2,0.86
mock-model-b-900010-12,model-b,1.0,900010,100010,BR,7738,,-3.119,-60.0217,2026-08-18T12:00:00Z,2026-08-20T12:00:00Z,115.6,4.4,0.86
mock-model-c-900010-12,model-c,1.0,900010,100010,BR,7738,,-3.119,-60.0217,2026-08-18T12:00:00Z,2026-08-20T12:00:00Z,82.9,2.1,0.86
mock-model-d-900010-12,model-d,1.0,900010,100010,BR,7738,,-3.119,-60.0217,2026-08-18T12:00:00Z,2026-08-20T12:00:00Z,119.0,5.3,0.86
mock-model-a-900010-13,model-a,1.0,900010,100010,BR,7738,,-3.119,-60.0217,2026-08-18T12:00:00Z,2026-08-20T13:00:00Z,109.4,3.9,0.84
mock-model-b-900010-13,model-b,1.0,900010,100010,BR,7738,,-3.119,-60.0217,2026-08-18T12:00:00Z,2026-08-20T13:00:00Z,124.7,5.2,0.84
mock-model-c-900010-13,model-c,1.0,900010,100010,BR,7738,,-3.119,-60.0217,2026-08-18T12:00:00Z,2026-08-20T13:00:00Z,90.3,2.5,0.84
mock-model-d-900010-13,model-d,1.0,900010,100010,BR,7738,,-3.119,-60.0217,2026-08-18T12:00:00Z,2026-08-20T13:00:00Z,127.8,6.2,0.84
mock-model-a-900010-14,model-a,1.0,900010,100010,BR,7738,,-3.119,-60.0217,2026-08-18T12:00:00Z,2026-08-20T14:00:00Z,117.8,4.2,0.82
mock-model-b-900010-14,model-b,1.0,900010,100010,BR,7738,,-3.119,-60.0217,2026-08-18T12:00:00Z,2026-08-20T14:00:00Z,133.7,5.6,0.82
mock-model-c-900010-14,model-c,1.0,900010,100010,BR,7738,,-3.119,-60.0217,2026-08-18T12:00:00Z,2026-08-20T14:00:00Z,97.7,2.8,0.82
mock-model-d-900010-14,model-d,1.0,900010,100010,BR,7738,,-3.119,-60.0217,2026-08-18T12:00:00Z,2026-08-20T14:00:00Z,136.5,6.6,0.82
mock-model-a-900010-15,model-a,1.0,900010,100010,BR,7738,,-3.119,-60.0217,2026-08-18T12:00:00Z,2026-08-20T15:00:00Z,119.2,4.8,
mock-model-b-900010-15,model-b,1.0,900010,100010,BR,7738,,-3.119,-60.0217,2026-08-18T12:00:00Z,2026-08-20T15:00:00Z,135.3,6.3,
mock-model-c-900010-15,model-c,1.0,900010,100010,BR,7738,,-3.119,-60.0217,2026-08-18T12:00:00Z,2026-08-20T15:00:00Z,98.9,3.2,
mock-model-d-900010-15,model-d,1.0,900010,100010,BR,7738,,-3.119,-60.0217,2026-08-18T12:00:00Z,2026-08-20T15:00:00Z,138.0,7.4,
mock-model-a-900010-16,model-a,1.0,900010,100010,BR,7738,,-3.119,-60.0217,2026-08-18T12:00:00Z,2026-08-20T16:00:00Z,126.2,5.4,0.78
mock-model-b-900010-16,model-b,1.0,900010,100010,BR,7738,,-3.119,-60.0217,2026-08-18T12:00:00Z,2026-08-20T16:00:00Z,142.8,7.0,0.78
mock-model-c-900010-16,model-c,1.0,900010,100010,BR,7738,,-3.119,-60.0217,2026-08-18T12:00:00Z,2026-08-20T16:00:00Z,105.1,3.6,0.78
mock-model-d-900010-16,model-d,1.0,900010,100010,BR,7738,,-3.119,-60.0217,2026-08-18T12:00:00Z,2026-08-20T16:00:00Z,145.3,8.2,0.78
mock-model-a-900010-17,model-a,1.0,900010,100010,BR,7738,,-3.119,-60.0217,2026-08-18T12:00:00Z,2026-08-20T17:00:00Z,131.9,5.8,0.76
mock-model-b-900010-17,model-b,1.0,900010,100010,BR,7738,,-3.119,-60.0217,2026-08-18T12:00:00Z,2026-08-20T17:00:00Z,149.0,7.5,0.76
mock-model-c-900010-17,model-c,1.0,900010,100010,BR,7738,,-3.119,-60.0217,2026-08-18T12:00:00Z,2026-08-20T17:00:00Z,110.1,3.9,0.76
mock-model-d-900010-17,model-d,1.0,900010,100010,BR,7738,,-3.119,-60.0217,2026-08-18T12:00:00Z,2026-08-20T17:00:00Z,151.2,8.8,0.76
mock-model-a-900010-18,model-a,1.0,900010,100010,BR,7738,,-3.119,-60.0217,2026-08-18T12:00:00Z,2026-08-20T18:00:00Z,170.0,6.5,0.75
mock-model-b-900010-18,model-b,1.0,900010,100010,BR,7738,,-3.119,-60.0217,2026-08-18T12:00:00Z,2026-08-20T18:00:00Z,190.1,8.3,0.75
mock-model-c-900010-18,model-c,1.0,900010,100010,BR,7738,,-3.119,-60.0217,2026-08-18T12:00:00Z,2026-08-20T18:00:00Z,143.6,4.3,0.75
mock-model-d-900010-18,model-d,1.0,900010,100010,BR,7738,,-3.119,-60.0217,2026-08-18T12:00:00Z,2026-08-20T18:00:00Z,190.8,9.7,0.75
mock-model-a-900010-19,model-a,1.0,900010,100010,BR,7738,,-3.119,-60.0217,2026-08-18T12:00:00Z,2026-08-20T19:00:00Z,178.4,7.3,0.75
mock-model-b-900010-19,model-b,1.0,900010,100010,BR,7738,,-3.119,-60.0217,2026-08-18T12:00:00Z,2026-08-20T19:00:00Z,199.2,9.3,0.75
mock-model-c-900010-19,model-c,1.0,900010,100010,BR,7738,,-3.119,-60.0217,2026-08-18T12:00:00Z,2026-08-20T19:00:00Z,151.0,4.9,0.75
mock-model-d-900010-19,model-d,1.0,900010,100010,BR,7738,,-3.119,-60.0217,2026-08-18T12:00:00Z,2026-08-20T19:00:00Z,199.5,10.8,0.75
mock-model-a-900010-20,model-a,1.0,900010,100010,BR,7738,,-3.119,-60.0217,2026-08-18T12:00:00Z,2026-08-20T20:00:00Z,186.8,8.1,0.75
mock-model-b-900010-20,model-b,1.0,900010,100010,BR,7738,,-3.119,-60.0217,2026-08-18T12:00:00Z,2026-08-20T20:00:00Z,208.2,10.2,0.75
mock-model-c-900010-20,model-c,1.0,900010,100010,BR,7738,,-3.119,-60.0217,2026-08-18T12:00:00Z,2026-08-20T20:00:00Z,158.4,5.5,0.75
mock-model-d-900010-20,model-d,1.0,900010,100010,BR,7738,,-3.119,-60.0217,2026-08-18T12:00:00Z,2026-08-20T20:00:00Z,208.3,11.8,0.75
mock-model-a-900010-21,model-a,1.0,900010,100010,BR,7738,,-3.119,-60.0217,2026-08-18T12:00:00Z,2026-08-20T21:00:00Z,195.2,8.9,0.76
mock-model-b-900010-21,model-b,1.0,900010,100010,BR,7738,,-3.119,-60.0217,2026-08-18T12:00:00Z,2026-08-20T21:00:00Z,217.3,11.2,0.76
mock-model-c-900010-21,model-c,1.0,900010,100010,BR,7738,,-3.119,-60.0217,2026-08-18T12:00:00Z,2026-08-20T21:00:00Z,165.8,6.0,0.76
mock-model-d-900010-21,model-d,1.0,900010,100010,BR,7738,,-3.119,-60.0217,2026-08-18T12:00:00Z,2026-08-20T21:00:00Z,217.0,12.9,0.76
mock-model-a-900010-22,model-a,1.0,900010,100010,BR,7738,,-3.119,-60.0217,2026-08-18T12:00:00Z,2026-08-20T22:00:00Z,127.5,5.3,0.78
mock-model-b-900010-22,model-b,1.0,900010,100010,BR,7738,,-3.119,-60.0217,2026-08-18T12:00:00Z,2026-08-20T22:00:00Z,144.2,6.9,0.78
mock-model-c-900010-22,model-c,1.0,900010,100010,BR,7738,,-3.119,-60.0217,2026-08-18T12:00:00Z,2026-08-20T22:00:00Z,106.2,3.5,0.78
mock-model-d-900010-22,model-d,1.0,900010,100010,BR,7738,,-3.119,-60.0217,2026-08-18T12:00:00Z,2026-08-20T22:00:00Z,146.6,8.1,0.78
mock-model-a-900010-23,model-a,1.0,900010,100010,BR,7738,,-3.119,-60.0217,2026-08-18T12:00:00Z,2026-08-20T23:00:00Z,123.2,4.9,0.8
mock-model-b-900010-23,model-b,1.0,900010,100010,BR,7738,,-3.119,-60.0217,2026-08-18T12:00:00Z,2026-08-20T23:00:00Z,139.5,6.4,0.8
mock-model-c-900010-23,model-c,1.0,900010,100010,BR,7738,,-3.119,-60.0217,2026-08-18T12:00:00Z,2026-08-20T23:00:00Z,102.4,3.2,0.8
mock-model-d-900010-23,model-d,1.0,900010,100010,BR,7738,,-3.119,-60.0217,2026-08-18T12:00:00Z,2026-08-20T23:00:00Z,142.1,7.5,0.8